datetime,SNX-USD,XTZ-USD,ICP-USD,ETC-USD,ZEC-USD,LINK-USD,MKR-USD,ATOM-USD,BCH-USD,CELO-USD,ENJ-USD,RUNE-USD,FIL-USD,ZRX-USD,TRX-USD,YFI-USD,COMP-USD,XLM-USD,EOS-USD,NEAR-USD,ALGO-USD,XMR-USD,SUSHI-USD,ADA-USD,UMA-USD,BTC-USD,DOT-USD,CRV-USD,SOL-USD,DOGE-USD,LTC-USD,AAVE-USD,UNI-USD,MATIC-USD,1INCH-USD,AVAX-USD,ETH-USD
2023-04-21T21:00:00.000Z,2.475,0.995,5.45,19.24,36.3,7.065,677,10.74,119.4,0.601,0.382,1.364,5.2,0.255,0.0644,8089,38.6,0.0924,1.042,1.906,0.184,150.6,1.02,0.381,1.9,27310,5.82,0.9157,21.245,0.0778,85,68.79,5.437,1.0098,0.489,16.82,1840.8
2023-04-21T22:00:00.000Z,2.472,0.995,5.5,19.19,36.3,7.038,676,10.7,118.7,0.6,0.382,1.366,5.2,0.254,0.0648,8177,38.5,0.0927,1.04,1.904,0.1837,151.5,1.022,0.382,1.9,27228,5.82,0.9155,21.163,0.0779,85.3,68.86,5.435,1.0047,0.489,16.83,1844.7
2023-04-21T23:00:00.000Z,2.487,0.995,5.52,19.27,36.3,7.118,677,10.8,119.3,0.601,0.382,1.37,5.22,0.256,0.0649,8204,38.5,0.0927,1.04,1.926,0.1848,151.5,1.026,0.382,1.91,27293,5.82,0.9231,21.258,0.0785,85.8,69.07,5.435,1.011,0.493,16.83,1850.8
2023-04-22T00:00:00.000Z,2.47,0.995,5.5,19.48,36.3,7.116,679,10.8,119.3,0.597,0.382,1.369,5.22,0.259,0.0649,8201,38.7,0.0928,1.046,1.913,0.1854,151.5,1.028,0.383,1.92,27279,5.82,0.9211,21.2,0.0783,85.1,68.85,5.457,1.0136,0.494,16.85,1849.5
2023-04-22T01:00:00.000Z,2.465,1.001,5.48,19.92,36.4,7.132,693,10.735,119.9,0.601,0.381,1.369,5.3,0.264,0.0649,8191,38.7,0.0923,1.046,1.91,0.1861,150.6,1.028,0.382,1.92,27324,5.82,0.9191,21.269,0.0783,85.8,68.87,5.464,1.0096,0.49,16.92,1855.1
2023-04-22T02:00:00.000Z,2.477,1.001,5.47,19.75,36.4,7.14,693,10.735,119.9,0.601,0.383,1.367,5.29,0.26,0.0649,8197,39,0.0926,1.046,1.918,0.1881,150.6,1.03,0.382,1.92,27299,5.82,0.9245,21.294,0.0787,85.8,69.3,5.464,1.0174,0.49,16.89,1853.7
2023-04-22T03:00:00.000Z,2.461,1.001,5.49,19.75,36.4,7.167,692,10.735,119.9,0.603,0.383,1.367,5.29,0.26,0.0649,8259,39,0.0926,1.048,1.921,0.1881,150.6,1.03,0.382,1.92,27298,5.82,0.9245,21.294,0.0787,85.8,69.59,5.464,1.0217,0.49,17.02,1858.6
2023-04-22T04:00:00.000Z,2.481,1.001,5.49,19.75,36.4,7.155,692,10.833,119.9,0.603,0.383,1.367,5.29,0.261,0.0649,8237,39,0.0926,1.048,1.921,0.1889,150.6,1.034,0.388,1.92,27347,5.82,0.9245,21.419,0.0787,85.7,69.77,5.464,1.0195,0.493,17.07,1860.9
2023-04-22T05:00:00.000Z,2.481,1.021,5.49,19.71,36.6,7.155,690,10.833,121.2,0.603,0.384,1.372,5.26,0.261,0.0652,8206,39.1,0.0926,1.052,1.92,0.1889,152.3,1.034,0.388,1.93,27347,5.82,0.9262,21.419,0.0792,85.7,69.96,5.464,1.0195,0.492,17.07,1863.5
2023-04-22T06:00:00.000Z,2.473,1.015,5.43,19.65,36.6,7.115,691,10.805,121.2,0.604,0.384,1.371,5.26,0.261,0.0652,8196,39.3,0.0933,1.053,1.92,0.1887,152.3,1.036,0.388,1.93,27347,5.82,0.9262,21.348,0.0792,85.7,69.88,5.525,1.0137,0.491,17.05,1855.1
2023-04-22T07:00:00.000Z,2.508,1.011,5.41,19.89,36.6,7.109,691,10.953,120.7,0.604,0.385,1.371,5.23,0.258,0.0652,8170,39.1,0.0926,1.053,1.912,0.1899,152.9,1.035,0.388,1.93,27302,5.82,0.9194,21.294,0.0789,85.6,69.63,5.525,1.0133,0.491,16.93,1852.5
2023-04-22T08:00:00.000Z,2.469,1.012,5.44,19.73,36.4,7.112,691,10.926,120.7,0.604,0.385,1.368,5.23,0.258,0.0652,8170,39.2,0.0926,1.048,1.901,0.188,153,1.035,0.388,1.92,27252,5.82,0.9179,21.251,0.0788,85.2,69.84,5.536,1.0119,0.49,16.95,1849.8
2023-04-22T09:00:00.000Z,2.487,1.02,5.46,19.9,36.6,7.132,684,10.849,120.7,0.602,0.385,1.372,5.24,0.258,0.0658,8129,39.2,0.0926,1.049,1.914,0.1879,153.1,1.035,0.388,1.91,27285,5.87,0.9179,21.395,0.0791,85.6,69.84,5.501,1.0119,0.494,17.08,1851.5
2023-04-22T10:00:00.000Z,2.471,1.022,5.44,19.86,36.5,7.129,684,10.817,120.7,0.602,0.385,1.369,5.24,0.258,0.0658,8168,39.4,0.0932,1.049,1.901,0.1873,153.1,1.037,0.386,1.91,27262,5.89,0.9159,21.395,0.0789,85.6,69.36,5.476,1.0123,0.492,17.08,1848.1
2023-04-22T11:00:00.000Z,2.471,1.02,5.44,19.92,36.5,7.144,692,10.817,120.7,0.602,0.385,1.38,5.24,0.261,0.0659,8191,39.4,0.0932,1.049,1.913,0.188,153.1,1.037,0.386,1.91,27302,5.89,0.9238,21.353,0.0789,85.6,69.56,5.491,1.0137,0.492,17.16,1856.5
2023-04-22T12:00:00.000Z,2.511,1.02,5.47,19.94,36.5,7.156,696,10.903,120.7,0.601,0.385,1.38,5.27,0.261,0.0659,8239,39.4,0.0932,1.049,1.913,0.188,154.3,1.037,0.392,1.91,27357,5.89,0.9229,21.496,0.0795,85.6,69.56,5.491,1.0091,0.492,17.13,1858
2023-04-22T13:00:00.000Z,2.492,1.022,5.46,20.19,36.5,7.142,696,10.906,121.3,0.603,0.389,1.38,5.27,0.261,0.0659,8198,39.5,0.0939,1.05,1.913,0.1881,154.3,1.036,0.392,1.91,27257,5.89,0.9229,21.369,0.0795,86.1,69.62,5.464,1.0088,0.493,17.14,1849.8
2023-04-22T14:00:00.000Z,2.504,1.026,5.54,20.36,36.9,7.163,697,10.978,122,0.608,0.393,1.38,5.31,0.262,0.0652,8227,39.8,0.095,1.061,1.939,0.1895,154.2,1.044,0.396,1.93,27436,5.93,0.9338,21.47,0.0801,86.1,70.23,5.505,1.0164,0.497,17.25,1865.7
2023-04-22T15:00:00.000Z,2.518,1.028,5.54,20.27,36.9,7.18,697,10.978,122,0.612,0.394,1.39,5.31,0.261,0.0656,8227,40.1,0.0949,1.062,1.939,0.1891,154.3,1.043,0.396,1.93,27459,5.96,0.9346,21.47,0.0803,86.7,70.29,5.521,1.0198,0.499,17.25,1865.7
2023-04-22T16:00:00.000Z,2.533,1.029,5.58,20.2,37,7.196,697,11.016,122.4,0.616,0.395,1.392,5.32,0.261,0.0656,8239,40.1,0.0948,1.062,1.941,0.1896,154.5,1.044,0.399,1.93,27635,5.96,0.9305,21.845,0.0807,87.2,70.23,5.519,1.0253,0.499,17.24,1876.3
2023-04-22T17:00:00.000Z,2.528,1.029,5.6,20.23,37.3,7.204,697,11.016,122.4,0.617,0.395,1.392,5.29,0.263,0.0656,8262,40,0.0948,1.069,1.941,0.1896,155.8,1.044,0.398,1.95,27704,5.96,0.9305,21.777,0.0807,87.2,70.34,5.519,1.0253,0.498,17.24,1881.2
2023-04-22T18:00:00.000Z,2.528,1.029,5.55,20.17,37.4,7.145,698,11.016,121.9,0.613,0.393,1.388,5.3,0.263,0.0656,8262,40,0.0948,1.069,1.941,0.1889,156,1.039,0.398,1.94,27579,5.96,0.9305,21.675,0.0807,87.2,70.28,5.484,1.018,0.498,17.18,1875.6
2023-04-22T19:00:00.000Z,2.528,1.028,5.55,20.17,37.4,7.174,701,11.016,122.4,0.615,0.393,1.388,5.32,0.264,0.066,8289,40,0.0948,1.069,1.933,0.1889,155.9,1.044,0.397,1.94,27652,5.94,0.9335,21.846,0.0807,87.2,70.44,5.504,1.0242,0.5,17.18,1875.8
2023-04-22T20:00:00.000Z,2.527,1.028,5.57,20.14,37.6,7.143,697,11.016,122.5,0.615,0.393,1.39,5.3,0.264,0.066,8289,39.9,0.0948,1.069,1.933,0.1889,156.5,1.043,0.396,1.94,27682,5.94,0.9307,21.846,0.0803,86.8,70.54,5.499,1.0234,0.499,17.14,1873.2
2023-04-22T21:00:00.000Z,2.514,1.028,5.55,20.14,37.4,7.143,697,11.013,122.3,0.617,0.395,1.39,5.27,0.263,0.066,8260,39.9,0.0948,1.069,1.926,0.1889,156.5,1.043,0.396,1.91,27648,5.94,0.9333,21.746,0.0803,87,70.37,5.481,1.0164,0.501,17.15,1870.8
2023-04-22T22:00:00.000Z,2.536,1.033,5.61,20.14,37.4,7.168,702,11.013,122.3,0.617,0.395,1.39,5.27,0.265,0.066,8328,39.9,0.0948,1.069,1.942,0.1889,156.5,1.05,0.396,1.91,27835,5.94,0.935,21.95,0.0803,87,70.78,5.481,1.0249,0.501,17.15,1876.5
2023-04-22T23:00:00.000Z,2.536,1.033,5.61,20.14,37.4,7.168,702,11.013,122.3,0.618,0.399,1.39,5.27,0.265,0.066,8328,39.9,0.0948,1.069,1.944,0.1889,157,1.05,0.396,1.93,27837,5.94,0.935,21.95,0.0803,87,70.83,5.481,1.0249,0.501,17.15,1879.1
2023-04-23T00:00:00.000Z,2.506,1.02,5.5,19.92,37.3,7.052,689,10.883,121.2,0.608,0.391,1.38,5.24,0.262,0.0658,8251,39.6,0.0943,1.054,1.923,0.1877,157,1.038,0.39,1.91,27492,5.89,0.9257,21.546,0.0794,85.9,69.92,5.44,1.0144,0.504,17.03,1857
2023-04-23T01:00:00.000Z,2.506,1.02,5.5,20.07,37.3,7.063,689,10.916,122.9,0.608,0.391,1.38,5.25,0.262,0.0658,8275,39.6,0.0943,1.064,1.918,0.1877,158.2,1.039,0.392,1.89,27589,5.89,0.9272,21.596,0.0794,85.9,69.92,5.44,1.0144,0.499,17.03,1858.1
2023-04-23T02:00:00.000Z,2.506,1.02,5.5,19.99,37.3,7.069,689,10.916,122.9,0.607,0.391,1.38,5.25,0.262,0.066,8275,39.6,0.0943,1.064,1.914,0.1873,158.8,1.039,0.392,1.89,27586,5.89,0.9272,21.596,0.0794,85.9,70.04,5.452,1.0131,0.499,17.04,1858.5
2023-04-23T03:00:00.000Z,2.506,1.028,5.5,20.11,37.3,7.069,689,10.916,122.9,0.611,0.391,1.38,5.25,0.262,0.066,8343,39.6,0.0943,1.064,1.914,0.1873,157.6,1.05,0.394,1.89,27574,5.89,0.9272,21.596,0.0794,85.9,70.04,5.452,1.0192,0.499,17.04,1869.1
2023-04-23T04:00:00.000Z,2.506,1.026,5.5,20.11,37.3,7.069,689,10.916,122.9,0.611,0.391,1.38,5.25,0.262,0.066,8343,39.6,0.0943,1.064,1.914,0.1873,157.6,1.05,0.393,1.89,27626,5.89,0.9272,21.596,0.0794,85.9,70.04,5.452,1.0192,0.499,17.04,1863.7
2023-04-23T05:00:00.000Z,2.506,1.026,5.5,20.11,37.3,7.069,692,10.931,122.9,0.611,0.391,1.38,5.25,0.262,0.066,8343,39.6,0.0943,1.064,1.914,0.1873,158.1,1.05,0.394,1.89,27604,5.89,0.9272,21.92,0.0794,85.9,70.04,5.452,1.0192,0.499,17.04,1869.1
2023-04-23T06:00:00.000Z,2.526,1.026,5.5,20.11,37.3,7.069,689,10.931,122.9,0.611,0.391,1.38,5.25,0.262,0.066,8343,39.6,0.0943,1.064,1.914,0.1873,158.1,1.05,0.394,1.89,27612,5.89,0.9272,21.92,0.0794,85.9,70.04,5.452,1.0192,0.499,17.04,1867.7
2023-04-23T07:00:00.000Z,2.52,1.026,5.5,20.06,37.3,7.126,689,10.932,122.9,0.611,0.391,1.393,5.34,0.262,0.066,8343,39.6,0.0943,1.064,1.914,0.1896,158.1,1.052,0.394,1.89,27718,5.89,0.9272,22.037,0.0806,86.8,70.04,5.507,1.0248,0.499,17.04,1875.8
2023-04-23T08:00:00.000Z,2.534,1.033,5.61,20.25,37.7,7.12,695,10.932,122.2,0.614,0.391,1.395,5.35,0.267,0.0666,8391,40.2,0.0943,1.064,1.914,0.1901,158.1,1.06,0.394,1.91,27703,5.95,0.9408,22.12,0.0802,86.8,70.04,5.525,1.0291,0.507,17.17,1873.8
2023-04-23T09:00:00.000Z,2.525,1.032,5.61,20.25,37.8,7.102,695,10.938,122.2,0.617,0.391,1.395,5.35,0.269,0.0665,8391,40.1,0.0943,1.064,1.914,0.1897,158.1,1.058,0.394,1.91,27662,5.98,0.9408,22.12,0.0802,86.8,70.83,5.525,1.0289,0.506,17.17,1870.9
2023-04-23T10:00:00.000Z,2.523,1.032,5.61,20.25,37.8,7.102,695,10.938,121.2,0.617,0.395,1.395,5.35,0.267,0.0665,8391,39.9,0.0943,1.064,1.914,0.1897,158.1,1.058,0.393,1.91,27527,5.98,0.9408,22.12,0.0802,86.8,70.83,5.49,1.0204,0.506,17.17,1867.2
2023-04-23T11:00:00.000Z,2.523,1.026,5.61,20.25,37.4,7.113,695,10.938,121.2,0.617,0.395,1.395,5.34,0.267,0.0667,8322,39.9,0.0943,1.064,1.914,0.1897,159.1,1.057,0.393,1.91,27609,5.98,0.9569,21.927,0.0802,86.8,70.36,5.49,1.0204,0.506,17.11,1873.1
2023-04-23T12:00:00.000Z,2.537,1.026,5.58,20.25,37.4,7.115,690,10.987,121.4,0.616,0.397,1.395,5.34,0.267,0.0667,8322,39.9,0.0943,1.064,1.941,0.1884,159.1,1.057,0.393,1.93,27644,5.98,0.9649,22.268,0.0802,86.8,70.36,5.49,1.0204,0.502,17.22,1876.1
2023-04-23T13:00:00.000Z,2.537,1.025,5.55,20.02,37.1,7.079,687,10.926,121.1,0.612,0.397,1.395,5.31,0.266,0.0667,8359,39.9,0.0943,1.064,1.932,0.1881,158.1,1.056,0.39,1.92,27674,5.98,0.9739,22.002,0.0803,86.8,70.48,5.484,1.0204,0.502,17.22,1874.6
2023-04-23T14:00:00.000Z,2.499,1.023,5.47,19.88,37.2,7.052,687,10.926,120.8,0.607,0.394,1.395,5.29,0.263,0.0667,8352,39.6,0.094,1.059,1.917,0.1877,158.4,1.048,0.389,1.92,27581,5.91,0.9597,21.799,0.0794,86.2,70.09,5.443,1.0108,0.5,17.02,1865.4
2023-04-23T15:00:00.000Z,2.471,1.019,5.38,19.64,37.2,6.971,682,10.817,120.2,0.604,0.392,1.395,5.25,0.263,0.0667,8352,39.2,0.0937,1.056,1.905,0.1852,158.4,1.041,0.385,1.92,27505,5.86,0.9468,21.55,0.0791,86,69.81,5.421,1.0014,0.494,16.87,1857.9
2023-04-23T16:00:00.000Z,2.482,1.018,5.41,19.76,36.9,7.032,683,10.861,120.3,0.606,0.391,1.365,5.3,0.261,0.0667,8344,39.4,0.0938,1.056,1.903,0.1861,157.4,1.042,0.388,1.91,27608,5.89,0.9487,21.611,0.0794,86.4,70.04,5.43,1.0076,0.495,16.92,1870
2023-04-23T17:00:00.000Z,2.485,1.018,5.36,19.69,36.9,6.998,680,10.861,120.3,0.605,0.391,1.365,5.3,0.261,0.0667,8331,39.4,0.0938,1.056,1.903,0.1864,157.4,1.042,0.388,1.91,27518,5.89,0.9464,21.611,0.0792,86.2,69.82,5.43,1.0076,0.492,16.76,1859.1
2023-04-23T18:00:00.000Z,2.424,0.997,5.28,19.4,36,6.913,670,10.636,118.4,0.591,0.38,1.346,5.16,0.256,0.066,8177,38.6,0.093,1.036,1.857,0.1827,157.4,1.025,0.38,1.88,27439,5.79,0.9289,21.053,0.0769,84.6,68.65,5.329,0.9834,0.487,16.55,1845.2
2023-04-23T19:00:00.000Z,2.441,1.008,5.35,19.4,36.2,6.933,670,10.631,118.4,0.599,0.383,1.357,5.22,0.259,0.066,8179,39,0.0935,1.042,1.877,0.1847,156.8,1.03,0.381,1.88,27513,5.79,0.9381,21.158,0.0783,85.3,69.36,5.356,0.9901,0.49,16.69,1851
2023-04-23T20:00:00.000Z,2.454,1.007,5.35,19.53,36.5,6.98,679,10.778,119,0.599,0.385,1.357,5.22,0.261,0.0662,8173,39,0.0938,1.042,1.886,0.1848,157.3,1.033,0.384,1.9,27529,5.85,0.9348,21.158,0.0778,85.6,68.96,5.363,0.9897,0.489,16.65,1849.1
2023-04-23T21:00:00.000Z,2.447,1.007,5.37,19.53,36.5,7.014,680,10.778,119,0.6,0.385,1.369,5.22,0.26,0.0665,8173,39.1,0.0938,1.042,1.88,0.1848,157.3,1.033,0.384,1.92,27538,5.86,0.9364,21.158,0.0778,85.6,68.96,5.363,0.998,0.489,16.65,1855.4
2023-04-23T22:00:00.000Z,2.473,1.014,5.4,19.53,36.9,7.025,680,10.794,119.1,0.607,0.39,1.376,5.22,0.262,0.0665,8203,39.4,0.0943,1.054,1.911,0.1866,157.3,1.044,0.385,1.92,27607,5.86,0.9446,21.404,0.0782,86,70.11,5.392,1.0012,0.489,16.82,1866.1
2023-04-23T23:00:00.000Z,2.48,1.014,5.4,19.53,36.9,7.025,680,10.794,119.1,0.607,0.39,1.376,5.22,0.261,0.0665,8262,39.4,0.0943,1.054,1.914,0.1866,157.3,1.044,0.389,1.91,27553,5.95,0.9446,21.519,0.0782,86,70.17,5.392,1.0022,0.489,16.82,1866.6
2023-04-24T00:00:00.000Z,2.487,1.016,5.45,19.76,36.9,7.176,692,10.819,119.4,0.609,0.39,1.376,5.25,0.261,0.0667,8228,39.4,0.0958,1.051,1.921,0.1886,157.3,1.038,0.391,1.91,27776,5.94,0.9476,21.725,0.079,87.6,70,5.451,1.0147,0.492,16.89,1876.4
2023-04-24T01:00:00.000Z,2.487,1.03,5.55,19.93,37.5,7.178,695,10.913,120.9,0.61,0.394,1.394,5.3,0.265,0.0667,8322,40.1,0.0958,1.069,1.935,0.1886,158.4,1.054,0.394,1.93,27832,5.97,0.9591,21.88,0.0798,87.8,71.06,5.482,1.0169,0.497,17.01,1880.7
2023-04-24T02:00:00.000Z,2.488,1.023,5.5,19.86,37.5,7.152,692,10.932,120.4,0.608,0.394,1.394,5.3,0.263,0.0668,8292,39.9,0.0955,1.067,1.923,0.1886,158.4,1.053,0.394,1.91,27719,5.95,0.9521,21.88,0.0798,87.7,70.8,5.486,1.0169,0.495,16.89,1867.9
2023-04-24T03:00:00.000Z,2.488,1.023,5.48,19.79,37.5,7.152,692,10.932,120.8,0.608,0.394,1.383,5.31,0.263,0.0668,8236,39.7,0.0955,1.067,1.923,0.1877,158.4,1.048,0.394,1.91,27764,5.98,0.947,21.88,0.0798,87.7,70.24,5.466,1.0169,0.492,16.87,1867.2
2023-04-24T04:00:00.000Z,2.488,1.023,5.48,19.79,37.5,7.152,692,10.932,120.8,0.608,0.394,1.383,5.31,0.26,0.0668,8236,39.7,0.0955,1.067,1.923,0.1877,158.4,1.048,0.394,1.91,27691,5.98,0.9453,21.618,0.0791,87.7,70.24,5.466,1.0169,0.492,16.87,1870.4
2023-04-24T05:00:00.000Z,2.488,1.014,5.48,19.63,37.5,7.132,688,10.844,120.8,0.608,0.394,1.383,5.31,0.26,0.0668,8233,39.7,0.0955,1.067,1.902,0.1877,158.4,1.045,0.388,1.91,27673,5.98,0.9453,21.618,0.0791,87.2,70.24,5.466,1.0169,0.492,16.87,1862.3
2023-04-24T06:00:00.000Z,2.443,1.01,5.48,19.63,36.8,7.067,683,10.844,120,0.593,0.386,1.383,5.25,0.256,0.0658,8145,39.2,0.0955,1.052,1.89,0.1877,158.4,1.036,0.388,1.9,27556,5.88,0.9241,21.539,0.0784,87.6,69.36,5.441,0.9943,0.485,16.69,1845.2
2023-04-24T07:00:00.000Z,2.432,1.008,5.32,19.49,36.9,7.049,682,10.795,120,0.597,0.386,1.368,5.22,0.259,0.0663,8173,39.4,0.0932,1.048,1.888,0.1857,158.4,1.045,0.388,1.88,27444,5.93,0.9216,21.229,0.0789,87.1,69.32,5.415,0.9913,0.488,16.69,1844.8
2023-04-24T08:00:00.000Z,2.432,1.007,5.32,19.42,37,7.11,682,10.795,120,0.595,0.386,1.36,5.21,0.259,0.0659,8111,39.5,0.0932,1.048,1.877,0.1844,158.4,1.038,0.388,1.87,27213,5.93,0.9286,21.379,0.0784,86.4,68.94,5.382,0.9825,0.484,16.72,1835.8
2023-04-24T09:00:00.000Z,2.456,1.005,5.32,19.44,37.3,7.178,682,10.71,120.1,0.598,0.386,1.364,5.21,0.258,0.0662,8145,39.4,0.0932,1.048,1.887,0.1857,158.4,1.043,0.385,1.89,27294,5.93,0.9272,21.383,0.0785,86.4,69.12,5.395,0.9901,0.486,16.68,1842
2023-04-24T10:00:00.000Z,2.465,1.011,5.35,19.62,37.2,7.166,686,10.756,120.4,0.601,0.388,1.37,5.22,0.26,0.0666,8195,39.6,0.0939,1.044,1.896,0.186,157.7,1.051,0.386,1.88,27401,5.94,0.928,21.49,0.0788,87.3,69.42,5.381,0.9914,0.492,16.86,1844.3
2023-04-24T11:00:00.000Z,2.465,1.011,5.35,19.62,37.2,7.213,686,10.802,120.4,0.602,0.392,1.37,5.22,0.26,0.0666,8227,39.6,0.0939,1.044,1.915,0.1867,157.7,1.05,0.388,1.88,27557,5.94,0.928,21.597,0.0791,87.5,70.13,5.409,0.9948,0.492,17.02,1849.6
2023-04-24T12:00:00.000Z,2.491,1.014,5.4,19.64,37,7.189,691,10.846,120.9,0.604,0.392,1.376,5.3,0.259,0.0666,8232,39.6,0.0945,1.051,1.914,0.1875,157.7,1.05,0.388,1.89,27505,5.94,0.928,21.704,0.0791,87.7,69.94,5.43,0.9985,0.491,17.02,1847.8
2023-04-24T13:00:00.000Z,2.517,1.019,5.45,19.64,37.1,7.243,697,10.955,121.4,0.608,0.393,1.376,5.3,0.261,0.0666,8264,39.8,0.0945,1.059,1.931,0.1885,158.4,1.056,0.393,1.89,27615,5.97,0.9465,21.937,0.0796,88.2,70.26,5.447,1.0067,0.491,17.15,1869.5
2023-04-24T14:00:00.000Z,2.485,1.013,5.41,19.41,36.9,7.17,687,10.801,120.1,0.602,0.394,1.367,5.23,0.259,0.0661,8182,39.6,0.0934,1.047,1.907,0.1856,157,1.051,0.389,1.89,27408,5.95,0.935,21.533,0.0797,87.9,69.57,5.405,0.9966,0.49,16.98,1853.7
2023-04-24T15:00:00.000Z,2.466,1.001,5.36,19.41,36.6,7.124,681,10.78,119.9,0.598,0.388,1.367,5.23,0.256,0.0661,8147,39.6,0.0934,1.038,1.886,0.1844,157,1.045,0.386,1.87,27270,5.95,0.9261,21.534,0.0782,87.1,69.18,5.39,0.9859,0.489,16.96,1834.3
2023-04-24T16:00:00.000Z,2.44,0.999,5.33,19.25,36.5,7.036,678,10.703,119.7,0.595,0.386,1.348,5.18,0.253,0.0661,8105,39.4,0.0934,1.027,1.865,0.1843,157,1.04,0.382,1.86,27128,5.83,0.9209,21.154,0.0775,87.2,68.71,5.332,0.9768,0.483,16.8,1815.8
2023-04-24T17:00:00.000Z,2.476,1.001,5.39,19.28,36.5,7.106,682,10.815,120.1,0.599,0.388,1.359,5.25,0.256,0.0661,7978,39.5,0.0927,1.037,1.888,0.1835,157.4,1.042,0.384,1.87,27395,5.86,0.9273,21.351,0.0783,87.6,69.25,5.356,0.9912,0.487,17,1834.8
2023-04-24T18:00:00.000Z,2.483,1.007,5.42,19.4,36.5,7.086,685,10.848,119.7,0.606,0.391,1.364,5.27,0.259,0.0661,7997,39.6,0.0933,1.04,1.898,0.1855,157.9,1.046,0.384,1.89,27371,5.93,0.9329,21.329,0.0786,87.8,69.67,5.373,0.991,0.489,17.01,1831.5
2023-04-24T19:00:00.000Z,2.473,1.01,5.37,19.4,36.9,7.075,681,10.795,119.7,0.603,0.391,1.364,5.25,0.257,0.0661,8005,39.6,0.0933,1.04,1.895,0.1855,157.9,1.043,0.383,1.89,27392,5.93,0.927,21.312,0.0784,87.8,69.67,5.355,0.9916,0.489,16.97,1833
2023-04-24T20:00:00.000Z,2.488,1.012,5.38,19.4,37,7.099,684,10.803,119,0.607,0.391,1.36,5.26,0.259,0.0661,8044,39.6,0.0934,1.046,1.899,0.1855,157.9,1.046,0.383,1.89,27423,5.93,0.9329,21.385,0.0784,88.1,69.41,5.368,0.9931,0.489,17.05,1838.5
2023-04-24T21:00:00.000Z,2.475,1.003,5.36,19.4,37,7.062,683,10.827,119,0.603,0.391,1.356,5.24,0.259,0.0661,8024,39.7,0.0933,1.045,1.893,0.1849,157.7,1.044,0.383,1.89,27445,5.93,0.9268,21.349,0.0783,88.1,69.6,5.351,0.9882,0.487,16.96,1832.8
2023-04-24T22:00:00.000Z,2.49,1.003,5.38,19.4,36.8,7.091,683,10.86,119,0.603,0.392,1.356,5.24,0.259,0.0661,8012,39.7,0.0936,1.046,1.891,0.1855,157.8,1.044,0.384,1.89,27503,5.93,0.9255,21.349,0.0786,88.7,69.87,5.351,0.9882,0.487,16.96,1840.7
2023-04-24T23:00:00.000Z,2.485,1.003,5.38,19.4,36.8,7.082,683,10.884,119,0.603,0.392,1.356,5.24,0.259,0.0661,8012,39.7,0.0936,1.046,1.889,0.1855,157.8,1.049,0.384,1.89,27536,5.93,0.9278,21.4,0.0787,88.6,69.87,5.351,0.9882,0.487,16.96,1847.6
2023-04-25T00:00:00.000Z,2.445,1.003,5.3,19.45,36.7,7.079,680,10.865,119,0.601,0.389,1.363,5.26,0.257,0.0661,7979,39.4,0.093,1.046,1.867,0.1849,157.8,1.041,0.384,1.87,27470,5.93,0.9283,21.306,0.0786,88.1,69.58,5.36,0.9874,0.485,16.91,1840.8
2023-04-25T01:00:00.000Z,2.451,1.001,5.31,19.3,36.6,7.011,680,10.884,118.6,0.596,0.388,1.355,5.24,0.255,0.066,7975,39.6,0.0927,1.041,1.865,0.184,157.2,1.043,0.383,1.85,27404,5.91,0.9256,21.208,0.0786,87.8,69.68,5.333,0.9785,0.484,16.87,1835.9
2023-04-25T02:00:00.000Z,2.443,1.001,5.33,19.25,36.5,6.988,678,10.815,118.2,0.592,0.387,1.356,5.21,0.255,0.0659,7969,39.2,0.0928,1.039,1.857,0.1837,156,1.039,0.382,1.86,27448,5.87,0.9222,21.079,0.0785,87.5,69.18,5.325,0.9723,0.481,16.84,1836.8
2023-04-25T03:00:00.000Z,2.428,0.996,5.29,19.27,36.5,7.001,676,10.759,118.2,0.589,0.385,1.356,5.19,0.253,0.0659,7946,39.1,0.0925,1.037,1.858,0.1826,156.8,1.038,0.38,1.85,27399,5.87,0.9175,20.886,0.0784,87.6,69.37,5.319,0.9667,0.478,16.81,1833.3
2023-04-25T04:00:00.000Z,2.437,0.997,5.29,19.32,36.5,7.021,677,10.81,118.3,0.593,0.386,1.349,5.19,0.252,0.0659,7946,39.1,0.0925,1.037,1.865,0.1828,156.8,1.039,0.381,1.86,27410,5.87,0.9221,21.107,0.0786,87.6,69.13,5.326,0.9679,0.477,16.92,1834.7
2023-04-25T05:00:00.000Z,2.434,0.998,5.28,19.26,36.5,7.044,675,10.779,118.8,0.593,0.387,1.349,5.24,0.253,0.0659,7977,39.1,0.0925,1.038,1.868,0.1832,156.8,1.039,0.382,1.85,27423,5.87,0.9194,21.006,0.0786,87.6,69.42,5.337,0.97,0.478,16.94,1827.7
2023-04-25T06:00:00.000Z,2.432,0.997,5.26,19.26,36.5,7.043,677,10.771,118.5,0.594,0.386,1.357,5.23,0.253,0.0659,8010,39.2,0.0925,1.038,1.869,0.1832,156.8,1.042,0.382,1.85,27403,5.87,0.9194,21.042,0.0785,87.9,69.42,5.328,0.9681,0.478,17.08,1825.9
2023-04-25T07:00:00.000Z,2.403,0.992,5.2,19.18,36.2,7.009,673,10.698,117.6,0.589,0.384,1.344,5.19,0.251,0.0659,7959,39,0.0922,1.03,1.854,0.1818,156.2,1.035,0.379,1.85,27275,5.87,0.9109,20.939,0.0782,87.1,68.68,5.294,0.9623,0.476,16.98,1817.5
2023-04-25T08:00:00.000Z,2.425,0.993,5.25,19.29,36.3,7.028,676,10.793,117.9,0.593,0.384,1.351,5.22,0.251,0.0658,7963,39.1,0.0927,1.036,1.858,0.1825,155.9,1.037,0.382,1.87,27410,5.84,0.9198,20.946,0.0783,88.9,69.08,5.311,0.9683,0.476,17.07,1825.5
2023-04-25T09:00:00.000Z,2.408,0.99,5.24,19.18,36.2,7.01,671,10.717,117.8,0.59,0.384,1.34,5.19,0.251,0.0659,7958,39,0.0926,1.033,1.858,0.1813,154.8,1.034,0.378,1.86,27331,5.85,0.9138,20.898,0.0783,89.3,68.83,5.308,0.9644,0.475,16.95,1813.3
2023-04-25T10:00:00.000Z,2.402,0.988,5.24,19.19,36.2,7.001,673,10.745,117.8,0.589,0.384,1.336,5.21,0.251,0.066,7977,39,0.0925,1.038,1.855,0.1813,155,1.036,0.379,1.85,27310,5.84,0.9136,20.925,0.0782,89.3,68.9,5.297,0.9647,0.475,16.99,1815.7
2023-04-25T11:00:00.000Z,2.412,0.994,5.27,19.33,36.4,7.051,675,10.784,118.3,0.593,0.384,1.342,5.22,0.252,0.0658,7986,39.2,0.0928,1.042,1.865,0.1826,155,1.043,0.381,1.86,27366,5.86,0.9192,20.989,0.0788,89.3,69.52,5.328,0.9673,0.478,17.06,1828.1
2023-04-25T12:00:00.000Z,2.406,0.991,5.28,19.25,36.5,7.061,676,10.777,117.7,0.59,0.385,1.342,5.21,0.252,0.0658,7955,39.1,0.0928,1.038,1.864,0.1817,155.3,1.039,0.381,1.86,27398,5.87,0.915,20.973,0.0784,89.2,69.29,5.303,0.9627,0.476,17.03,1824.1
2023-04-25T13:00:00.000Z,2.401,0.989,5.29,19.26,36.5,7.078,677,10.826,117.9,0.593,0.382,1.34,5.23,0.251,0.0658,7953,39.3,0.0929,1.04,1.871,0.1817,156.1,1.039,0.379,1.86,27367,5.87,0.9121,21.013,0.0786,89.6,69.3,5.289,0.9623,0.478,17.12,1822.6
2023-04-25T14:00:00.000Z,2.356,0.983,5.21,19.16,36.1,7.028,673,10.758,116.9,0.588,0.382,1.324,5.18,0.249,0.0654,7804,38.7,0.0924,1.03,1.854,0.1803,154.9,1.029,0.377,1.84,27302,5.83,0.9007,20.809,0.0782,89,68.79,5.258,0.9539,0.472,17.03,1812.2
2023-04-25T15:00:00.000Z,2.338,0.977,5.23,19.23,35.8,7.011,674,10.756,117.4,0.588,0.379,1.33,5.19,0.25,0.0655,7773,38.8,0.0929,1.025,1.857,0.1802,156.9,1.02,0.38,1.85,27320,5.82,0.8987,21.008,0.0779,89.3,68.54,5.266,0.9531,0.473,16.97,1813.9
2023-04-25T16:00:00.000Z,2.348,0.981,5.23,19.17,35.9,7.027,676,10.774,117.4,0.588,0.379,1.331,5.2,0.25,0.0655,7805,38.8,0.0929,1.028,1.878,0.1807,157.9,1.024,0.381,1.84,27356,5.82,0.9002,20.837,0.0785,89.4,68.54,5.266,0.9542,0.472,17,1826.3
2023-04-25T17:00:00.000Z,2.36,0.988,5.27,19.25,36,7.071,682,10.807,117.3,0.59,0.382,1.334,5.18,0.25,0.0655,7926,38.8,0.0933,1.028,1.916,0.1814,158.2,1.031,0.383,1.86,27572,5.86,0.9073,21.163,0.0785,89.5,68.9,5.296,0.9647,0.474,17.19,1838.5
2023-04-25T18:00:00.000Z,2.374,0.997,5.34,19.37,36.2,7.122,680,10.816,118.3,0.59,0.386,1.342,5.24,0.25,0.0655,7924,39.3,0.0933,1.028,1.928,0.1814,158,1.032,0.384,1.86,27623,5.88,0.9087,21.183,0.0787,90.2,69.35,5.324,0.9636,0.474,17.16,1835.4
2023-04-25T19:00:00.000Z,2.359,0.996,5.33,19.27,36.2,7.064,678,10.754,118.3,0.59,0.386,1.342,5.24,0.252,0.0655,7887,39.3,0.0933,1.031,1.917,0.1832,158,1.032,0.383,1.86,27633,5.88,0.9087,21.149,0.0783,90.2,69.35,5.324,0.9612,0.478,17.1,1840.3
2023-04-25T20:00:00.000Z,2.422,1.008,5.46,19.46,36.2,7.203,685,10.978,118.3,0.61,0.395,1.36,5.24,0.258,0.0658,8004,40.2,0.0933,1.046,1.955,0.1843,158.5,1.043,0.385,1.9,28015,5.94,0.9242,21.475,0.079,91.5,70.46,5.38,0.9704,0.48,17.5,1863.7
2023-04-25T21:00:00.000Z,2.464,1.021,5.48,19.92,37.5,7.257,685,11.029,120.2,0.615,0.397,1.36,5.35,0.262,0.0658,8101,40.3,0.0949,1.052,1.969,0.1876,158.5,1.061,0.392,1.9,28299,5.94,0.9432,21.716,0.0798,91.5,70.92,5.439,1.0078,0.492,17.69,1873
2023-04-25T22:00:00.000Z,2.476,1.02,5.49,19.86,37.4,7.277,692,11.044,119.8,0.612,0.397,1.373,5.35,0.261,0.0658,8096,40.3,0.0949,1.052,1.966,0.1881,158.5,1.062,0.391,1.91,28273,5.98,0.9369,21.686,0.0798,91.3,71.28,5.457,0.9996,0.492,17.62,1869.1
2023-04-25T23:00:00.000Z,2.467,1.02,5.49,19.86,37.4,7.277,692,11.044,120.6,0.612,0.397,1.373,5.35,0.261,0.0658,8110,40.3,0.0949,1.052,1.964,0.1881,159.4,1.062,0.396,1.9,28318,5.98,0.9429,21.892,0.0798,91.3,71.28,5.449,1.0053,0.494,17.56,1867.8
2023-04-26T00:00:00.000Z,2.48,1.02,5.54,19.86,37.4,7.264,692,11.055,120.6,0.613,0.398,1.373,5.39,0.262,0.0658,8110,40.4,0.0949,1.06,1.965,0.1878,159.8,1.064,0.395,1.9,28331,6.01,0.9391,21.886,0.0799,91.1,71.15,5.464,1.0052,0.494,17.61,1870.6
2023-04-26T01:00:00.000Z,2.474,1.015,5.54,19.86,37.4,7.246,692,11.031,120.6,0.607,0.398,1.373,5.39,0.262,0.0658,8110,40.4,0.0949,1.06,1.965,0.1878,159.8,1.057,0.395,1.9,28400,5.96,0.9391,21.892,0.0799,91.1,70.72,5.464,0.9969,0.491,17.61,1870.7
2023-04-26T02:00:00.000Z,2.474,1.015,5.54,19.86,37.4,7.246,692,11.031,120.6,0.607,0.398,1.373,5.39,0.262,0.0658,8110,40.4,0.0949,1.06,1.955,0.1878,159.8,1.057,0.395,1.9,28371,5.96,0.9391,21.892,0.0799,91.1,70.72,5.464,0.9969,0.491,17.61,1868.4
2023-04-26T03:00:00.000Z,2.474,1.015,5.48,19.86,37.1,7.211,692,11.031,120.6,0.61,0.398,1.373,5.39,0.262,0.0658,8110,40.4,0.0949,1.06,1.955,0.1867,159.8,1.055,0.394,1.9,28362,5.96,0.9391,21.892,0.0799,91.1,70.8,5.464,0.9968,0.491,17.53,1864.4
2023-04-26T04:00:00.000Z,2.478,1.016,5.48,19.86,36.8,7.246,691,11.04,120.4,0.608,0.394,1.373,5.35,0.259,0.0658,8121,40.1,0.0949,1.058,1.955,0.1867,160.6,1.055,0.395,1.9,28348,6.03,0.9332,21.892,0.0799,91.1,70.64,5.457,0.9968,0.493,17.53,1864.4
2023-04-26T05:00:00.000Z,2.478,1.016,5.48,19.86,36.8,7.246,691,11.04,120.4,0.608,0.394,1.373,5.35,0.259,0.0658,8160,40.3,0.0949,1.058,1.955,0.1867,160.6,1.063,0.395,1.91,28411,6.03,0.9332,22.048,0.0799,91.1,70.89,5.457,0.9968,0.493,17.53,1871.6
2023-04-26T06:00:00.000Z,2.455,1.016,5.52,19.86,36.9,7.262,693,11.04,120.4,0.61,0.394,1.373,5.35,0.259,0.0658,8157,40.3,0.0949,1.058,1.952,0.188,160.6,1.062,0.395,1.91,28429,6.03,0.9348,22.048,0.0801,91.1,70.84,5.457,1.0022,0.493,17.53,1865.9
2023-04-26T07:00:00.000Z,2.43,1.012,5.45,19.86,36.7,7.221,692,11.003,119,0.61,0.394,1.373,5.35,0.259,0.0662,8154,40.3,0.0949,1.058,1.942,0.1873,160.6,1.053,0.395,1.9,28335,6,0.9305,22.048,0.0801,90.2,70.45,5.452,0.995,0.491,17.53,1864.7
2023-04-26T08:00:00.000Z,2.473,1.02,5.52,19.86,37.5,7.293,697,11.079,119.7,0.614,0.401,1.382,5.38,0.261,0.0662,8182,40.8,0.0954,1.06,1.964,0.1886,160.6,1.063,0.4,1.92,28674,6.06,0.9369,22.048,0.0801,90.4,71.13,5.504,1.0045,0.496,17.61,1877.1
2023-04-26T09:00:00.000Z,2.48,1.02,5.54,19.95,37.7,7.351,701,11.121,119.7,0.624,0.401,1.397,5.41,0.268,0.0662,8217,41,0.0955,1.065,1.977,0.1899,160.6,1.073,0.401,1.93,28815,6.09,0.9444,22.048,0.081,91.2,71.67,5.542,1.0137,0.497,17.65,1899.9
2023-04-26T10:00:00.000Z,2.517,1.02,5.54,20.11,37.9,7.413,707,11.192,119.7,0.623,0.404,1.397,5.46,0.268,0.0662,8293,41.3,0.0955,1.065,1.99,0.1905,160.6,1.073,0.407,1.93,29071,6.09,0.956,22.474,0.0815,91.8,72.25,5.567,1.0286,0.501,17.85,1920.7
2023-04-26T11:00:00.000Z,2.53,1.035,5.53,20.06,37.9,7.383,707,11.187,121.2,0.623,0.403,1.411,5.44,0.267,0.0662,8263,41.2,0.0959,1.065,1.983,0.1903,160.6,1.074,0.407,1.94,28939,6.09,0.9553,22.474,0.0818,91.7,72.13,5.576,1.0305,0.501,17.85,1913.1
2023-04-26T12:00:00.000Z,2.55,1.038,5.65,20.06,38.4,7.49,718,11.378,123,0.631,0.41,1.45,5.55,0.272,0.0667,8505,41.9,0.0967,1.085,2.021,0.1923,161.6,1.093,0.415,1.98,29991,6.19,0.9739,22.829,0.0832,93.7,73.58,5.66,1.0551,0.51,18.19,1959.4
2023-04-26T13:00:00.000Z,2.563,1.05,5.66,20.14,38.5,7.469,715,11.316,122.6,0.629,0.408,1.442,5.51,0.272,0.067,8406,41.6,0.0966,1.081,2.008,0.1907,161.6,1.084,0.414,1.97,29837,6.19,0.9668,22.742,0.0822,93.2,73.78,5.64,1.0476,0.507,18.02,1949.9
2023-04-26T14:00:00.000Z,2.573,1.042,5.63,20.13,38.6,7.408,719,11.231,121.9,0.628,0.408,1.439,5.48,0.271,0.0665,8420,41.4,0.0966,1.075,2,0.1898,160.5,1.081,0.414,1.96,29686,6.17,0.9626,22.569,0.0824,92.7,73.48,5.601,1.0333,0.505,18.05,1945.1
2023-04-26T15:00:00.000Z,2.584,1.05,5.67,20.13,38.6,7.428,719,11.274,122.4,0.627,0.412,1.439,5.51,0.272,0.0665,8570,41.7,0.0965,1.075,2.005,0.1905,160.5,1.086,0.416,1.97,29815,6.17,0.9654,22.569,0.0824,92.7,73.15,5.616,1.0433,0.505,18.07,1953.2
2023-04-26T16:00:00.000Z,2.582,1.048,5.7,20.21,38.3,7.416,713,11.248,122.7,0.625,0.41,1.425,5.53,0.271,0.0667,8562,41.3,0.0965,1.08,1.989,0.1892,160.5,1.083,0.414,1.96,29802,6.19,0.9696,22.569,0.0824,92.1,72.58,5.601,1.0359,0.505,18.05,1952.4
2023-04-26T17:00:00.000Z,2.59,1.045,5.69,20.18,38.1,7.383,713,11.275,123.1,0.624,0.408,1.425,5.51,0.271,0.0668,8523,41.2,0.0962,1.08,1.984,0.1893,160.5,1.077,0.414,1.95,29747,6.17,0.9645,22.569,0.0825,91.6,72.39,5.58,1.0345,0.5,18.02,1948.9
2023-04-26T18:00:00.000Z,2.575,1.048,5.64,20.18,38.1,7.374,713,11.275,123.1,0.623,0.408,1.425,5.51,0.271,0.0668,8547,41.2,0.0962,1.08,1.99,0.1893,160.5,1.077,0.414,1.95,29746,6.17,0.9645,22.753,0.0822,91.6,72.29,5.581,1.0358,0.501,17.93,1948.2
2023-04-26T19:00:00.000Z,2.354,0.985,5.24,19.02,35.9,6.888,673,10.599,115.8,0.58,0.381,1.33,5.19,0.253,0.0646,8058,38.7,0.0925,1.002,1.847,0.1782,155.2,1.009,0.387,1.84,27926,5.78,0.9064,21.223,0.0773,86.3,67.88,5.28,0.9642,0.469,16.77,1830
2023-04-26T20:00:00.000Z,2.383,0.996,5.26,18.93,36,6.956,683,10.625,115.8,0.584,0.383,1.326,5.17,0.252,0.0649,8107,39.2,0.0925,1.012,1.863,0.1784,156.2,1.023,0.392,1.84,28363,5.75,0.9094,21.364,0.078,87.9,68.63,5.242,0.9775,0.469,16.83,1862.8
2023-04-26T21:00:00.000Z,2.402,1.004,5.33,19.15,36.5,7.024,688,10.819,117.1,0.593,0.384,1.352,5.18,0.257,0.0652,8220,39.8,0.0929,1.019,1.88,0.1801,157.7,1.031,0.396,1.87,28683,5.8,0.9098,21.45,0.0785,88.4,69.14,5.27,0.9876,0.473,17.14,1880
2023-04-26T22:00:00.000Z,2.399,1.006,5.28,19.27,36.5,6.972,689,10.793,117,0.591,0.39,1.346,5.18,0.257,0.0652,8183,39.6,0.0932,1.017,1.875,0.18,157,1.025,0.399,1.86,28312,5.86,0.9146,21.167,0.0785,88.2,69.18,5.337,0.9808,0.476,17.06,1865.8
2023-04-26T23:00:00.000Z,2.409,1.003,5.3,19.27,36.5,6.99,688,10.92,117.5,0.594,0.391,1.348,5.18,0.258,0.0652,8206,39.7,0.0931,1.026,1.888,0.1811,157,1.029,0.401,1.87,28420,5.86,0.9146,21.205,0.0786,88.2,69.35,5.344,0.9832,0.479,17.16,1866.2
2023-04-27T00:00:00.000Z,2.471,1.029,5.45,19.78,37.2,7.184,696,11.124,120.1,0.617,0.401,1.386,5.36,0.263,0.0657,8373,40.7,0.0943,1.042,1.935,0.1836,157,1.053,0.408,1.91,29299,5.95,0.9443,21.835,0.0798,90,71.56,5.459,1.0088,0.491,17.62,1923.3
2023-04-27T01:00:00.000Z,2.438,1.014,5.34,19.59,37,7.068,699,11.021,118.3,0.609,0.398,1.363,5.28,0.265,0.0657,8298,40.1,0.0934,1.031,1.901,0.1823,157,1.05,0.406,1.89,28761,5.91,0.9347,21.689,0.0794,88.6,71.03,5.472,0.9981,0.485,17.43,1893.3
2023-04-27T02:00:00.000Z,2.448,1.014,5.39,19.59,37.1,7.102,699,11.141,118.3,0.613,0.397,1.363,5.28,0.265,0.0657,8359,40.4,0.0939,1.031,1.903,0.1824,157.4,1.051,0.408,1.89,29063,5.94,0.9347,21.768,0.0794,89.3,70.66,5.472,1.0072,0.487,17.45,1912.2
2023-04-27T03:00:00.000Z,2.44,1.014,5.39,19.67,37,7.059,699,11.141,118.8,0.613,0.394,1.363,5.28,0.265,0.0657,8359,40.2,0.0939,1.031,1.897,0.1817,157.4,1.048,0.405,1.89,28925,5.92,0.9395,21.768,0.0794,89.3,70.55,5.472,1.0072,0.487,17.45,1901.5
2023-04-27T04:00:00.000Z,2.445,1.021,5.39,19.67,37,7.071,700,11.26,118.8,0.613,0.394,1.363,5.28,0.265,0.0657,8359,40.2,0.0942,1.031,1.919,0.1817,157.4,1.048,0.409,1.9,29067,5.92,0.9358,21.768,0.0794,89.3,70.85,5.472,1.0072,0.487,17.45,1904.1
2023-04-27T05:00:00.000Z,2.447,1.021,5.45,19.74,37.3,7.112,701,11.352,118.8,0.613,0.397,1.363,5.28,0.263,0.0657,8367,40.6,0.0942,1.031,1.926,0.1832,157.4,1.048,0.409,1.91,29099,5.97,0.9358,21.915,0.0802,89.3,71.07,5.472,1.0072,0.489,17.45,1915
2023-04-27T06:00:00.000Z,2.414,1.016,5.39,19.56,36.7,7.04,691,11.241,117.5,0.604,0.392,1.361,5.26,0.261,0.0657,8294,39.7,0.0934,1.022,1.899,0.1814,156.3,1.038,0.409,1.89,28805,5.9,0.9304,21.653,0.0794,88.8,70.03,5.407,0.9957,0.483,17.39,1884.1
2023-04-27T07:00:00.000Z,2.41,1.017,5.39,19.6,36.8,7.042,695,11.249,117.5,0.604,0.393,1.361,5.28,0.261,0.0657,8259,39.9,0.0935,1.023,1.91,0.1815,157.6,1.036,0.41,1.88,28904,5.93,0.9293,21.679,0.0794,88.9,69.83,5.392,0.9898,0.482,17.4,1886.9
2023-04-27T08:00:00.000Z,2.419,1.017,5.4,19.6,36.8,7.057,695,11.177,117.5,0.604,0.394,1.361,5.28,0.262,0.0657,8272,40,0.0933,1.016,1.899,0.1816,157.3,1.034,0.409,1.89,28988,5.93,0.9299,21.679,0.0794,89,69.63,5.387,0.9928,0.483,17.39,1885.9
2023-04-27T09:00:00.000Z,2.414,1.01,5.39,19.53,36.5,7.048,692,11.188,117.4,0.601,0.392,1.36,5.27,0.26,0.0657,8228,39.6,0.0931,1.022,1.889,0.1815,156.7,1.031,0.405,1.88,28924,5.91,0.9231,21.575,0.0794,88.4,69.54,5.392,0.9902,0.481,17.31,1882.3
2023-04-27T10:00:00.000Z,2.412,1.016,5.39,19.57,36.8,7.073,690,11.444,117.6,0.608,0.391,1.36,5.28,0.259,0.0656,8274,40,0.0931,1.02,1.897,0.1815,156.4,1.031,0.406,1.88,29027,5.89,0.929,21.658,0.0798,88.2,69.83,5.416,0.9929,0.48,17.43,1886.4
2023-04-27T11:00:00.000Z,2.41,1.01,5.46,19.51,36.8,7.042,690,11.389,117.1,0.602,0.39,1.36,5.27,0.258,0.0656,8221,39.9,0.0931,1.02,1.892,0.1823,156.4,1.031,0.406,1.87,28949,5.89,0.9264,21.652,0.0796,88.1,69.41,5.418,0.988,0.482,17.4,1881.4
2023-04-27T12:00:00.000Z,2.404,1.008,5.44,19.46,36.5,7.039,687,11.447,116.8,0.602,0.392,1.351,5.27,0.258,0.0656,8177,40,0.0929,1.012,1.892,0.1818,156.1,1.027,0.405,1.88,28863,5.86,0.9157,21.455,0.0796,87.8,69.38,5.4,0.9851,0.478,17.35,1875.1
2023-04-27T13:00:00.000Z,2.407,1.016,5.46,19.46,36.7,7.057,687,11.418,116.8,0.603,0.392,1.351,5.27,0.262,0.0656,8232,40.2,0.0929,1.012,1.896,0.1821,156.1,1.035,0.411,1.89,28908,5.89,0.9157,21.455,0.0796,87.8,69.59,5.392,0.9879,0.48,17.36,1883.1
2023-04-27T14:00:00.000Z,2.411,1.021,5.49,19.59,37.4,7.08,696,11.436,116.8,0.604,0.393,1.359,5.29,0.264,0.0656,8239,40.2,0.0929,1.018,1.903,0.1825,156.1,1.038,0.412,1.89,28960,5.89,0.9276,21.896,0.0796,87.8,70.06,5.431,0.9998,0.483,17.45,1887
2023-04-27T15:00:00.000Z,2.427,1.022,5.65,19.57,37.7,7.063,694,11.43,117.1,0.606,0.395,1.371,5.33,0.262,0.0658,8295,40.4,0.0938,1.018,1.905,0.1824,155.9,1.045,0.411,1.89,29187,5.91,0.9313,22.226,0.08,88.6,70.52,5.439,1.0025,0.484,17.48,1897.4
2023-04-27T16:00:00.000Z,2.438,1.029,5.67,19.67,38.1,7.119,699,11.411,117.1,0.609,0.395,1.367,5.33,0.265,0.0658,8276,40.6,0.0938,1.025,1.92,0.1823,157.1,1.048,0.414,1.91,29043,5.91,0.9429,22.156,0.08,88.6,70.75,5.506,1.009,0.486,17.48,1897.4
2023-04-27T17:00:00.000Z,2.452,1.036,5.65,19.67,38.1,7.155,699,11.419,117.1,0.613,0.4,1.367,5.33,0.265,0.0658,8330,41,0.094,1.03,1.92,0.1834,157.1,1.048,0.414,1.91,29407,5.91,0.9422,22.156,0.08,88.6,71.42,5.524,1.0224,0.486,17.48,1913
2023-04-27T18:00:00.000Z,2.487,1.037,5.69,19.93,38.6,7.206,704,11.574,117.8,0.617,0.4,1.397,5.45,0.271,0.0658,8376,41.3,0.094,1.035,1.948,0.1845,157,1.06,0.416,1.91,29805,5.91,0.9547,22.156,0.0807,88.6,71.7,5.543,1.0212,0.49,17.86,1929.8
2023-04-27T19:00:00.000Z,2.472,1.035,5.73,19.84,38.2,7.206,703,11.553,117.8,0.617,0.4,1.388,5.46,0.269,0.0659,8308,41.1,0.0948,1.031,1.945,0.1848,157.8,1.06,0.414,1.93,29734,6,0.9509,22.386,0.0805,89.6,71.57,5.554,1.0152,0.492,17.72,1923.2
2023-04-27T20:00:00.000Z,2.457,1.039,5.73,19.88,38.1,7.184,703,11.653,118.1,0.616,0.402,1.388,5.44,0.269,0.0659,8312,41.1,0.0948,1.031,1.935,0.1844,157.8,1.059,0.414,1.91,29611,5.98,0.9498,22.452,0.0805,89.8,71.64,5.566,1.0134,0.492,17.82,1918.9
2023-04-27T21:00:00.000Z,2.465,1.035,5.73,19.86,38.3,7.171,704,11.653,117.6,0.615,0.401,1.388,5.41,0.269,0.0659,8282,41,0.0947,1.029,1.929,0.1848,157.8,1.059,0.414,1.92,29597,5.98,0.9514,22.368,0.0803,90.2,71.35,5.566,1.0186,0.49,17.81,1915.9
2023-04-27T22:00:00.000Z,2.439,1.027,5.71,19.74,37.9,7.125,700,11.476,116.9,0.613,0.397,1.378,5.38,0.265,0.0659,8232,40.6,0.0941,1.027,1.917,0.1821,154.8,1.052,0.408,1.92,29303,5.94,0.9393,22.204,0.0799,89.3,71.18,5.549,1.0066,0.487,17.68,1901.3
2023-04-27T23:00:00.000Z,2.454,1.032,5.73,19.83,37.9,7.165,702,11.476,117.4,0.615,0.398,1.378,5.38,0.265,0.0658,8271,40.7,0.0946,1.03,1.923,0.1837,153.9,1.055,0.41,1.92,29456,5.94,0.9434,22.377,0.0802,89.7,71.18,5.551,1.0121,0.488,17.68,1911.7
2023-04-28T00:00:00.000Z,2.451,1.03,5.75,19.74,37.9,7.165,700,11.476,117.4,0.612,0.398,1.378,5.37,0.266,0.0659,8262,40.7,0.0946,1.026,1.924,0.1834,153,1.055,0.41,1.92,29436,5.94,0.9407,22.312,0.0799,89.2,70.99,5.535,1.0119,0.489,17.64,1908.7
2023-04-28T01:00:00.000Z,2.453,1.032,5.74,19.74,37.9,7.157,703,11.476,117.3,0.612,0.398,1.378,5.37,0.266,0.0659,8240,40.7,0.0946,1.026,1.925,0.1839,153,1.054,0.41,1.9,29478,5.94,0.9407,22.356,0.0799,89.2,71.38,5.535,1.0104,0.488,17.67,1913
2023-04-28T02:00:00.000Z,2.451,1.024,5.75,19.68,38.1,7.107,700,11.503,116.9,0.606,0.398,1.372,5.39,0.265,0.0656,8209,40.5,0.0946,1.029,1.925,0.1831,153.2,1.049,0.41,1.89,29392,5.95,0.9397,22.308,0.0802,89.2,71.34,5.541,1.0039,0.486,17.72,1908.9
2023-04-28T03:00:00.000Z,2.451,1.025,5.75,19.69,38,7.128,698,11.45,116.9,0.61,0.396,1.372,5.36,0.264,0.0659,8255,40.6,0.0948,1.029,1.926,0.1833,153.5,1.051,0.41,1.91,29340,5.94,0.9388,22.2,0.0798,88.8,71.11,5.516,1.0069,0.486,17.66,1908.4
2023-04-28T04:00:00.000Z,2.455,1.032,5.83,19.77,38.2,7.169,700,11.45,116.9,0.609,0.4,1.372,5.4,0.267,0.0661,8254,40.6,0.0956,1.03,1.926,0.1837,153.6,1.056,0.411,1.91,29501,5.94,0.9444,22.455,0.0805,89.6,71.78,5.561,1.0117,0.491,17.69,1913.5
2023-04-28T05:00:00.000Z,2.455,1.029,5.83,19.78,38.1,7.146,703,11.45,116.9,0.611,0.4,1.378,5.4,0.265,0.0659,8227,40.6,0.0956,1.032,1.926,0.1849,153.2,1.056,0.411,1.9,29538,5.93,0.9401,22.4,0.0806,89.7,71.8,5.55,1.009,0.487,17.76,1919.5
2023-04-28T06:00:00.000Z,2.455,1.026,5.86,19.82,37.8,7.153,699,11.474,116.9,0.61,0.398,1.374,5.38,0.265,0.066,8256,40.7,0.0952,1.034,1.928,0.1839,154.5,1.054,0.411,1.91,29449,5.94,0.9386,22.365,0.0803,89.2,71.43,5.527,1.01,0.486,17.68,1914
2023-04-28T07:00:00.000Z,2.456,1.029,6.03,19.84,38.2,7.19,703,11.474,117.6,0.614,0.399,1.38,5.41,0.265,0.066,8277,40.8,0.0952,1.038,1.928,0.1852,155.2,1.06,0.411,1.9,29485,5.95,0.9451,22.584,0.0803,89.8,71.73,5.541,1.0152,0.488,17.78,1920.3
2023-04-28T08:00:00.000Z,2.439,1.019,6.03,19.69,37.8,7.125,697,11.424,117.4,0.607,0.395,1.366,5.37,0.264,0.066,8209,40.4,0.095,1.032,1.921,0.183,154.5,1.051,0.407,1.91,29247,5.86,0.9337,22.387,0.0799,89.3,71.22,5.499,1.0035,0.484,17.58,1911
2023-04-28T09:00:00.000Z,2.431,1.018,6.05,19.76,38,7.113,700,11.436,117.3,0.606,0.395,1.364,5.39,0.262,0.0663,8232,40.7,0.0951,1.033,1.919,0.1833,155.3,1.049,0.405,1.9,29215,5.87,0.9362,22.47,0.0804,89.6,71.23,5.514,1.0002,0.485,17.66,1910.8
2023-04-28T10:00:00.000Z,2.431,1.018,6.03,19.75,38,7.113,699,11.451,117.7,0.609,0.397,1.367,5.37,0.265,0.066,8235,40.5,0.0952,1.03,1.922,0.1832,154.2,1.056,0.408,1.89,29281,5.87,0.9402,22.751,0.0803,89.8,71.46,5.516,1.0006,0.487,17.61,1913.1
2023-04-28T11:00:00.000Z,2.444,1.02,5.97,19.64,37.8,7.056,696,11.392,117.4,0.602,0.391,1.353,5.33,0.26,0.066,8200,40.3,0.0949,1.028,1.903,0.1831,154.3,1.043,0.403,1.87,29274,5.89,0.9312,22.566,0.0801,89.3,70.93,5.51,0.9944,0.485,17.54,1906.2
2023-04-28T12:00:00.000Z,2.426,1.014,6.01,19.68,38,7.045,695,11.469,117.2,0.607,0.392,1.354,5.37,0.26,0.066,8207,40.3,0.0947,1.033,1.898,0.1828,153.6,1.044,0.405,1.89,29294,5.84,0.933,22.547,0.0802,88.9,70.92,5.489,0.9982,0.482,17.49,1903.4
2023-04-28T13:00:00.000Z,2.412,1.008,5.95,19.49,37.6,6.986,694,11.388,116.3,0.599,0.39,1.342,5.31,0.258,0.0656,8140,39.9,0.0939,1.021,1.886,0.181,153.3,1.033,0.399,1.87,29012,5.81,0.9217,22.34,0.0794,88.4,70.5,5.463,0.9846,0.48,17.37,1889.4
2023-04-28T14:00:00.000Z,2.418,1.015,6,19.55,37.6,7.032,695,11.559,116.9,0.6,0.392,1.345,5.33,0.259,0.0656,8197,40.1,0.0941,1.023,1.892,0.1815,155,1.033,0.401,1.89,29110,5.86,0.9186,22.31,0.0797,88.8,70.38,5.46,0.9895,0.479,17.42,1890.7
2023-04-28T15:00:00.000Z,2.417,1.008,5.99,19.58,37.8,7.028,698,11.586,116.9,0.6,0.393,1.345,5.33,0.257,0.0656,8180,40,0.094,1.023,1.89,0.1815,154.6,1.037,0.4,1.88,29161,5.88,0.9226,22.354,0.0797,88.4,70.84,5.487,0.9913,0.478,17.33,1886.1
2023-04-28T16:00:00.000Z,2.429,1.015,6.01,19.7,37.9,7.011,697,11.662,117,0.602,0.393,1.349,5.34,0.258,0.0656,8220,40.4,0.0941,1.023,1.906,0.1827,154.6,1.036,0.4,1.88,29298,5.89,0.9206,23.018,0.0802,89.3,70.87,5.489,0.9935,0.482,17.41,1888.8
2023-04-28T17:00:00.000Z,2.428,1.012,5.91,19.64,37.7,7.015,697,11.705,117,0.602,0.394,1.353,5.35,0.26,0.0656,8208,40.5,0.0939,1.023,1.904,0.183,155.1,1.044,0.4,1.88,29279,5.89,0.9192,23.227,0.0802,89.3,70.87,5.487,0.9937,0.482,17.5,1889.9
2023-04-28T18:00:00.000Z,2.42,1.015,5.91,19.7,37.9,7.027,697,11.63,117,0.603,0.393,1.349,5.35,0.261,0.0656,8206,40.3,0.0939,1.044,1.903,0.1829,155.1,1.041,0.403,1.9,29276,5.89,0.9212,23.147,0.0802,89.1,71.27,5.487,1.0015,0.482,17.47,1891.1
2023-04-28T19:00:00.000Z,2.42,1.017,6,19.74,37.7,7.033,698,11.645,117,0.605,0.391,1.347,5.34,0.26,0.0664,8231,40.5,0.0941,1.04,1.918,0.1829,155.1,1.046,0.406,1.9,29342,5.89,0.9193,23.405,0.0803,89.4,71.74,5.487,0.9986,0.482,17.55,1896.2
2023-04-28T20:00:00.000Z,2.432,1.017,6.02,19.69,37.9,7.033,702,11.686,117,0.606,0.394,1.353,5.37,0.261,0.0664,8240,40.5,0.0946,1.043,1.913,0.184,155.1,1.044,0.404,1.91,29364,5.89,0.923,23.324,0.0803,89.4,71.71,5.529,0.9986,0.482,17.58,1897.1
2023-04-28T21:00:00.000Z,2.432,1.017,6.04,19.69,37.9,7.049,699,11.726,117,0.607,0.395,1.349,5.38,0.261,0.0664,8227,40.5,0.0946,1.043,1.916,0.1833,154.7,1.046,0.404,1.9,29364,5.89,0.922,23.324,0.0803,89.9,71.93,5.515,0.9975,0.482,17.58,1895.2
2023-04-28T22:00:00.000Z,2.445,1.017,6.04,19.7,37.9,7.053,701,11.729,117,0.607,0.395,1.351,5.46,0.262,0.0664,8231,40.6,0.0946,1.043,1.914,0.1835,154.7,1.051,0.406,1.9,29427,5.89,0.9243,23.329,0.0803,89.9,72.1,5.515,0.9975,0.484,17.58,1898.6
2023-04-28T23:00:00.000Z,2.439,1.016,6.06,19.7,37.9,7.042,697,11.741,117,0.608,0.395,1.356,5.49,0.264,0.0664,8223,40.7,0.0945,1.043,1.918,0.1841,154.7,1.051,0.404,1.9,29329,5.89,0.9241,23.399,0.0803,89.8,72.21,5.515,0.9975,0.484,17.58,1894.1
2023-04-29T00:00:00.000Z,2.455,1.013,6.09,19.7,37.9,7.006,697,11.709,117,0.611,0.395,1.356,5.49,0.264,0.0664,8223,40.7,0.0948,1.043,1.918,0.1841,153,1.051,0.404,1.9,29281,5.89,0.9242,23.399,0.0803,89.8,72.15,5.515,0.9969,0.482,17.54,1892.4
2023-04-29T01:00:00.000Z,2.455,1.016,6.12,19.82,37.6,7.013,701,11.709,117,0.61,0.395,1.356,5.49,0.262,0.0664,8221,40.8,0.0948,1.043,1.918,0.1841,153,1.045,0.404,1.9,29329,5.89,0.9242,23.331,0.0805,89.8,72.15,5.515,0.9969,0.482,17.54,1890.2
2023-04-29T02:00:00.000Z,2.461,1.019,6.23,19.99,38.1,7.059,706,11.726,118.8,0.616,0.398,1.356,5.51,0.262,0.0669,8236,41.2,0.0953,1.052,1.955,0.1845,153,1.046,0.406,1.9,29432,6.01,0.9283,23.328,0.081,89.8,72.37,5.559,1.0063,0.484,17.54,1898.4
2023-04-29T03:00:00.000Z,2.461,1.02,6.26,19.95,37.9,7.057,705,11.749,118.3,0.615,0.397,1.357,5.5,0.264,0.067,8276,41.3,0.0953,1.05,1.949,0.1844,154.4,1.055,0.406,1.92,29393,6.01,0.9299,23.315,0.081,90,72.38,5.584,1.0056,0.484,17.54,1897.8
2023-04-29T04:00:00.000Z,2.461,1.02,6.25,19.95,38.1,7.057,706,11.749,118.9,0.613,0.396,1.365,5.5,0.264,0.0672,8280,41.1,0.0952,1.05,1.941,0.1845,154.4,1.049,0.406,1.9,29461,5.98,0.9357,23.359,0.0808,90.1,72.46,5.598,1.0069,0.487,17.54,1899.5
2023-04-29T05:00:00.000Z,2.467,1.02,6.23,19.95,38.1,7.057,706,11.8,118.9,0.615,0.396,1.365,5.5,0.264,0.0672,8280,41.1,0.0952,1.05,1.941,0.1845,154.4,1.049,0.406,1.9,29461,5.98,0.9357,23.359,0.0808,90.1,72.46,5.598,1.0069,0.487,17.54,1907.1
2023-04-29T06:00:00.000Z,2.467,1.02,6.35,19.95,38.1,7.057,706,11.8,118.9,0.615,0.396,1.365,5.5,0.264,0.0672,8280,41.1,0.0952,1.05,1.941,0.1845,154.4,1.049,0.406,1.9,29319,5.98,0.9348,23.156,0.0808,90.1,72.46,5.598,1.0069,0.487,17.62,1899.2
2023-04-29T07:00:00.000Z,2.467,1.019,6.39,19.85,37.9,7.091,703,11.69,118.7,0.613,0.397,1.364,5.46,0.263,0.0671,8233,41.4,0.0952,1.047,1.933,0.1846,154.4,1.049,0.406,1.91,29395,5.98,0.9378,23.336,0.081,89.8,72.11,5.601,1.0072,0.487,17.62,1905
2023-04-29T08:00:00.000Z,2.467,1.015,6.33,19.89,37.6,7.078,703,11.69,119.2,0.612,0.397,1.364,5.47,0.262,0.0671,8230,41.7,0.0945,1.041,1.933,0.1834,154.4,1.049,0.406,2.02,29335,5.98,0.9346,23.336,0.081,89.8,71.8,5.585,1.0028,0.484,17.62,1900.7
2023-04-29T09:00:00.000Z,2.467,1.02,6.36,19.92,37.7,7.141,706,11.709,119.3,0.612,0.395,1.354,5.49,0.263,0.0672,8240,41.9,0.0948,1.047,1.928,0.1842,154.4,1.046,0.406,1.97,29360,5.95,0.9355,23.261,0.0811,89.3,72.06,5.594,1.0048,0.493,17.62,1902.5
2023-04-29T10:00:00.000Z,2.467,1.021,6.39,19.9,37.9,7.117,705,11.709,119.6,0.612,0.396,1.359,5.49,0.263,0.0672,8240,41.6,0.0948,1.047,1.931,0.1842,154.4,1.049,0.406,1.95,29334,5.96,0.9346,23.334,0.0812,90,72.32,5.592,1.0082,0.491,17.54,1898.2
2023-04-29T11:00:00.000Z,2.467,1.021,6.49,19.91,37.9,7.113,705,11.709,119.6,0.611,0.396,1.359,5.49,0.263,0.0672,8240,41.6,0.0948,1.047,1.931,0.1842,154.4,1.049,0.406,1.98,29336,5.96,0.9346,23.334,0.0812,90,72.32,5.592,1.0082,0.491,17.54,1901.5
2023-04-29T12:00:00.000Z,2.466,1.02,6.49,19.87,38,7.139,704,11.706,119.9,0.613,0.398,1.36,5.45,0.263,0.0672,8264,41.7,0.0948,1.047,1.936,0.1848,155.6,1.049,0.406,2.07,29298,5.98,0.9358,23.651,0.0808,90.2,72.32,5.575,1.0052,0.497,17.57,1898.4
2023-04-29T13:00:00.000Z,2.483,1.024,6.55,19.94,38.1,7.212,706,11.71,120,0.614,0.398,1.365,5.5,0.264,0.0672,8318,41.7,0.0948,1.047,1.936,0.1848,155.6,1.054,0.406,2.05,29433,6.02,0.9358,23.646,0.0814,90.5,72.39,5.575,1.0052,0.503,17.57,1913.8
2023-04-29T14:00:00.000Z,2.483,1.026,6.67,19.94,38.2,7.212,706,11.71,120,0.614,0.398,1.365,5.5,0.264,0.0672,8318,42.1,0.0948,1.047,1.936,0.1848,155.6,1.058,0.406,2.04,29360,6.02,0.9358,23.646,0.0814,91.1,72.69,5.575,1.019,0.504,17.57,1910.2
2023-04-29T15:00:00.000Z,2.493,1.025,6.65,19.86,38,7.191,708,11.716,119.7,0.614,0.398,1.367,5.5,0.264,0.0672,8304,42.1,0.0948,1.047,1.946,0.1856,155.6,1.053,0.404,2.03,29275,6.02,0.9358,23.342,0.0814,90.9,72.29,5.593,1.0138,0.499,17.57,1908.6
2023-04-29T16:00:00.000Z,2.493,1.026,6.56,19.86,38,7.192,708,11.716,119.7,0.614,0.398,1.367,5.5,0.264,0.0672,8313,41.9,0.0948,1.047,1.946,0.1856,155.6,1.053,0.407,2.03,29336,6.02,0.9349,23.408,0.0817,90.9,72.39,5.593,1.0174,0.495,17.67,1907.5
2023-04-29T17:00:00.000Z,2.473,1.02,6.53,19.73,38.5,7.142,709,11.594,118.5,0.61,0.397,1.357,5.56,0.26,0.067,8258,41.9,0.0946,1.034,1.925,0.1825,154.8,1.046,0.402,2.03,29180,5.95,0.9282,23.164,0.081,89.9,71.68,5.564,1.0099,0.493,17.48,1896.4
2023-04-29T18:00:00.000Z,2.485,1.024,6.5,19.81,38.4,7.155,712,11.71,119.6,0.61,0.395,1.36,5.59,0.261,0.067,8293,41.7,0.0946,1.041,1.925,0.1828,155.6,1.046,0.404,2.02,29174,5.98,0.929,23.273,0.0816,89.9,71.68,5.596,1.0121,0.492,17.55,1900
2023-04-29T19:00:00.000Z,2.487,1.026,6.57,19.94,38.6,7.171,711,11.71,119.6,0.616,0.397,1.36,5.64,0.264,0.0673,8330,41.8,0.0946,1.043,1.942,0.1842,155.6,1.046,0.404,2.02,29289,5.98,0.9342,23.3,0.0816,91,72.13,5.596,1.0121,0.492,17.55,1905.1
2023-04-29T20:00:00.000Z,2.487,1.027,6.54,19.86,38.5,7.188,710,11.751,119.6,0.613,0.397,1.36,5.64,0.264,0.0673,8301,42.1,0.0946,1.043,1.942,0.1831,155.6,1.053,0.405,2,29230,5.98,0.9342,23.318,0.0816,91,72.02,5.596,1.009,0.492,17.55,1906.1
2023-04-29T21:00:00.000Z,2.487,1.027,6.61,19.86,38.5,7.188,710,11.751,119.6,0.613,0.397,1.36,5.64,0.264,0.0673,8301,42.1,0.0946,1.043,1.942,0.1831,155.6,1.053,0.405,2,29294,5.98,0.9342,23.318,0.0816,91,72.02,5.596,1.0094,0.492,17.55,1907.5
2023-04-29T22:00:00.000Z,2.487,1.027,6.58,19.86,38.5,7.188,710,11.67,119.6,0.613,0.397,1.36,5.64,0.264,0.0673,8301,42.1,0.0954,1.043,1.942,0.1831,155.2,1.053,0.402,2,29215,5.98,0.9346,23.123,0.0816,90.8,72.02,5.596,1.0094,0.492,17.55,1908.9
2023-04-29T23:00:00.000Z,2.487,1.027,6.51,19.86,38.5,7.188,710,11.67,119.6,0.613,0.397,1.36,5.59,0.264,0.0673,8301,42.1,0.0952,1.043,1.942,0.1834,155.2,1.053,0.402,2,29253,5.98,0.9292,23.187,0.0816,90.8,72.02,5.596,1.0094,0.496,17.55,1906.2
2023-04-30T00:00:00.000Z,2.487,1.027,6.57,19.86,38.5,7.188,710,11.67,119.6,0.613,0.397,1.36,5.54,0.264,0.0673,8301,42.1,0.0952,1.043,1.942,0.1834,155.2,1.053,0.402,2,29214,5.98,0.9292,23.114,0.0816,90.8,72.02,5.596,1.0053,0.494,17.48,1908
2023-04-30T01:00:00.000Z,2.487,1.02,6.54,19.86,38.5,7.188,710,11.67,118.8,0.613,0.397,1.358,5.54,0.262,0.0673,8301,42.1,0.0952,1.043,1.942,0.1834,155.2,1.053,0.402,2,29161,5.98,0.9292,23.241,0.0816,90.8,71.18,5.611,1.001,0.494,17.48,1897.8
2023-04-30T02:00:00.000Z,2.487,1.02,6.54,19.86,38.5,7.188,710,11.67,118.8,0.613,0.397,1.358,5.54,0.262,0.0673,8301,42.1,0.0952,1.043,1.942,0.1834,155.2,1.053,0.402,2,29167,5.98,0.9139,23.241,0.0816,90.8,71.18,5.611,1.001,0.494,17.48,1897.8
2023-04-30T03:00:00.000Z,2.487,1.02,6.4,19.86,38.5,7.188,710,11.67,118.8,0.613,0.397,1.358,5.54,0.262,0.0673,8301,42.1,0.0952,1.043,1.942,0.1834,155.2,1.053,0.402,1.96,29231,5.98,0.9139,23.241,0.0816,90.8,71.18,5.611,0.9991,0.494,17.48,1899.8
2023-04-30T04:00:00.000Z,2.487,1.02,6.38,19.86,38.5,7.188,710,11.67,118.8,0.613,0.397,1.358,5.54,0.262,0.0673,8301,42.1,0.0952,1.043,1.942,0.1834,155.2,1.053,0.402,1.98,29226,5.98,0.9139,23.241,0.0816,90.8,71.18,5.591,0.9991,0.494,17.48,1900.3
2023-04-30T05:00:00.000Z,2.487,1.017,6.38,19.86,38.4,7.188,702,11.67,118.8,0.607,0.395,1.358,5.54,0.262,0.0673,8279,42.2,0.0952,1.043,1.942,0.1825,155.2,1.046,0.402,1.98,29292,5.98,0.9217,23.245,0.0816,90.8,71.18,5.591,1.0016,0.494,17.48,1900.9
2023-04-30T06:00:00.000Z,2.487,1.017,6.38,19.86,38.4,7.188,702,11.67,118.8,0.607,0.395,1.358,5.54,0.262,0.0673,8279,42.2,0.0952,1.043,1.942,0.1825,155.2,1.046,0.402,1.98,29314,5.98,0.9217,23.363,0.0816,90.8,71.18,5.591,1.0015,0.494,17.48,1907.3
2023-04-30T07:00:00.000Z,2.487,1.017,6.38,19.86,38.4,7.188,702,11.67,118.8,0.607,0.395,1.358,5.54,0.262,0.0673,8279,42.2,0.0952,1.043,1.942,0.1825,155.2,1.046,0.402,1.98,29269,5.98,0.9217,23.363,0.0816,90.8,71.18,5.591,1.0015,0.494,17.48,1907.3
2023-04-30T08:00:00.000Z,2.487,1.021,6.38,19.69,38.4,7.166,702,11.846,119.1,0.604,0.393,1.358,5.54,0.262,0.0673,8265,42.2,0.0952,1.043,1.942,0.1826,155.2,1.049,0.402,1.94,29257,5.98,0.9217,23.612,0.0816,90.8,71.18,5.612,1.0021,0.478,17.44,1902.9
2023-04-30T09:00:00.000Z,2.487,1.016,6.32,19.74,38.4,7.244,704,11.846,119.2,0.607,0.393,1.364,5.56,0.261,0.068,8265,42.1,0.0952,1.043,1.968,0.1834,155.2,1.046,0.402,1.94,29251,6.04,0.9266,23.553,0.081,90.9,71.52,5.606,1.0024,0.478,17.44,1907.7
2023-04-30T10:00:00.000Z,2.487,1.02,6.32,19.79,38.4,7.222,704,11.846,119.6,0.602,0.394,1.364,5.5,0.258,0.0677,8265,42.1,0.0952,1.043,1.968,0.1834,155.2,1.037,0.402,1.94,29274,6.02,0.9215,23.609,0.0811,90.6,71.4,5.6,0.9993,0.473,17.47,1907.2
2023-04-30T11:00:00.000Z,2.487,1.02,6.31,19.78,38.4,7.241,704,11.846,119.6,0.602,0.394,1.36,5.54,0.258,0.0677,8265,42.1,0.0946,1.043,1.948,0.1834,155.2,1.04,0.402,1.94,29230,6.05,0.9215,23.552,0.0807,90.3,71.18,5.629,1,0.474,17.41,1904.9
2023-04-30T12:00:00.000Z,2.438,1.009,6.31,19.65,38.2,7.185,704,11.754,119.6,0.602,0.392,1.357,5.51,0.257,0.0677,8251,42.2,0.0947,1.039,1.926,0.1815,154.3,1.04,0.402,1.92,29269,6.01,0.9193,23.471,0.0807,90.6,71.08,5.607,0.9943,0.475,17.4,1901.9
2023-04-30T13:00:00.000Z,2.438,1.012,6.31,19.76,38.3,7.2,702,11.792,119.6,0.601,0.389,1.365,5.56,0.258,0.0677,8186,42.1,0.0952,1.041,1.941,0.1824,154.3,1.041,0.4,1.92,29341,6.01,0.9204,23.421,0.0808,90.2,71.24,5.599,0.9971,0.472,17.42,1905.9
2023-04-30T14:00:00.000Z,2.453,1.014,6.39,19.79,38.2,7.231,703,11.823,118.9,0.603,0.393,1.37,5.56,0.26,0.0677,8254,42.3,0.095,1.042,1.946,0.1823,154.3,1.043,0.4,1.93,29416,6.01,0.9253,23.552,0.081,90.8,71.34,5.623,1,0.477,17.44,1911.7
2023-04-30T15:00:00.000Z,2.476,1.023,6.42,19.83,38.2,7.248,703,11.838,119.3,0.607,0.394,1.37,5.59,0.262,0.068,8256,42.3,0.0952,1.042,1.968,0.1831,154.3,1.044,0.406,1.95,29637,6.03,0.9389,23.663,0.081,90.4,71.84,5.582,1.0069,0.478,17.62,1920.4
2023-04-30T16:00:00.000Z,2.484,1.027,6.59,19.97,38.3,7.27,705,11.849,120.2,0.61,0.396,1.385,5.59,0.263,0.0677,8250,42.2,0.0959,1.047,1.974,0.1838,154.3,1.051,0.413,1.96,29715,6.04,0.9388,23.721,0.0812,90.9,72.3,5.619,1.0082,0.482,17.73,1928.5
2023-04-30T17:00:00.000Z,2.484,1.027,6.64,19.97,38.3,7.271,705,11.834,120.2,0.61,0.396,1.385,5.59,0.263,0.0677,8254,42.2,0.0959,1.047,1.975,0.1838,154.3,1.051,0.409,1.96,29710,6.04,0.9388,23.515,0.0812,90.9,72.3,5.619,1.0124,0.482,17.65,1924.6
2023-04-30T18:00:00.000Z,2.484,1.027,6.64,19.97,38.3,7.271,705,11.834,120.2,0.61,0.396,1.385,5.59,0.263,0.0677,8270,42.2,0.0959,1.047,1.975,0.1838,154.3,1.051,0.409,1.96,29624,6.04,0.9388,23.515,0.0812,90.9,72.3,5.619,1.0046,0.482,17.65,1923.5
2023-04-30T19:00:00.000Z,2.484,1.018,6.5,19.66,37.9,7.12,705,11.621,119.7,0.597,0.387,1.359,5.49,0.256,0.0674,8209,41.7,0.0959,1.035,1.944,0.1813,154.3,1.051,0.409,1.91,29404,5.93,0.9176,23.154,0.0806,89.3,71.08,5.534,0.9887,0.482,17.32,1904.1
2023-04-30T20:00:00.000Z,2.412,1.001,6.42,19.39,37.6,7.056,695,11.538,118.1,0.596,0.384,1.359,5.45,0.256,0.0674,8127,41.6,0.0942,1.019,1.915,0.1804,154.3,1.026,0.398,1.91,29286,5.91,0.9081,23.059,0.0794,88.5,70.49,5.466,0.978,0.471,17.15,1893.6
2023-04-30T21:00:00.000Z,2.412,1.001,6.42,19.39,37.6,7.077,695,11.538,118.1,0.596,0.384,1.359,5.45,0.256,0.0674,8127,41.6,0.0942,1.019,1.915,0.1804,154.3,1.026,0.398,1.91,29457,5.91,0.9081,23.079,0.0794,88.5,70.49,5.466,0.978,0.471,17.15,1893.7
2023-04-30T22:00:00.000Z,2.412,1.001,6.42,19.39,37.6,7.077,695,11.598,118.1,0.596,0.384,1.359,5.45,0.256,0.0679,8127,41.7,0.0942,1.019,1.915,0.1804,154.3,1.024,0.398,1.91,29457,5.89,0.9081,23.079,0.0794,88.5,70.49,5.466,0.978,0.471,17.15,1894.8
2023-04-30T23:00:00.000Z,2.439,1.003,6.43,19.46,37.6,7.037,697,11.559,118.1,0.596,0.387,1.345,5.44,0.257,0.0673,8205,41.8,0.0942,1.025,1.936,0.1811,156.4,1.02,0.397,1.91,29310,5.93,0.9107,22.833,0.0802,88.4,70.53,5.461,0.985,0.472,17.19,1871.9
2023-05-01T00:00:00.000Z,2.435,1.007,6.45,19.55,37.8,7.045,697,11.51,117.4,0.596,0.387,1.348,5.47,0.256,0.0671,8172,41.5,0.0942,1.025,1.95,0.1805,155.5,1.024,0.397,1.9,29310,5.9,0.9097,22.89,0.0794,88.6,70.34,5.492,0.9858,0.472,17.11,1884.5
2023-05-01T01:00:00.000Z,2.376,0.99,6.31,19.22,36.9,6.917,680,11.265,116.1,0.581,0.377,1.31,5.34,0.25,0.067,8013,40.8,0.0933,1.008,1.894,0.177,152.4,0.999,0.388,1.88,28505,5.78,0.8956,22.151,0.0782,86.9,69.03,5.37,0.9689,0.463,16.83,1835.5
2023-05-01T02:00:00.000Z,2.404,1.006,6.26,19.35,37.2,6.998,683,11.254,116.6,0.586,0.381,1.322,5.36,0.251,0.067,8023,41.4,0.0935,1.009,1.908,0.178,152.3,1.012,0.39,1.89,28612,5.81,0.9,22.225,0.0787,87.4,69.42,5.398,0.9741,0.463,16.98,1844.8
2023-05-01T03:00:00.000Z,2.406,1.006,6.2,19.33,37.2,6.983,683,11.291,116.9,0.584,0.381,1.318,5.36,0.251,0.067,8074,41.4,0.0935,1.014,1.901,0.1778,152.3,1.012,0.39,1.9,28618,5.83,0.8981,22.102,0.0788,87.3,69.27,5.398,0.9777,0.461,16.92,1844.4
2023-05-01T04:00:00.000Z,2.406,1.007,6.17,19.32,37.2,6.992,687,11.281,117.2,0.584,0.382,1.32,5.36,0.251,0.068,8074,41.4,0.0935,1.014,1.905,0.1785,152.3,1.014,0.39,1.9,28533,5.84,0.8981,22.195,0.0788,87.6,69.63,5.39,0.98,0.465,16.98,1846.8
2023-05-01T05:00:00.000Z,2.386,1,6.11,19.25,37.3,6.988,685,11.185,117,0.588,0.38,1.315,5.33,0.251,0.0681,8102,41.3,0.0938,1.014,1.897,0.1779,153,1.008,0.391,1.92,28435,5.82,0.8992,22.076,0.0787,87.4,69.25,5.36,0.9827,0.46,16.92,1844.6
2023-05-01T06:00:00.000Z,2.386,1,6.09,19.25,37.3,7.015,685,11.282,117,0.588,0.381,1.321,5.37,0.251,0.0687,8102,41.3,0.0938,1.014,1.897,0.1779,153,1.008,0.391,1.9,28496,5.82,0.8992,22.076,0.0787,87.4,69.25,5.384,0.9822,0.46,16.92,1851.1
2023-05-01T07:00:00.000Z,2.386,1.004,6.1,19.42,37.3,7.015,692,11.282,117.4,0.588,0.382,1.321,5.37,0.253,0.0681,8093,41.4,0.0938,1.014,1.897,0.1779,153,1.008,0.391,1.96,28645,5.86,0.8992,22.395,0.0787,87.9,70.1,5.384,0.9822,0.466,16.92,1849.2
2023-05-01T08:00:00.000Z,2.386,1.004,6.1,19.42,36.9,6.994,692,11.282,117.6,0.588,0.382,1.321,5.37,0.253,0.0682,8093,41.4,0.0938,1.014,1.897,0.1779,153,1.008,0.391,2.03,28575,5.86,0.8992,22.395,0.0787,87.9,70.1,5.384,0.9822,0.466,16.92,1847.5
2023-05-01T09:00:00.000Z,2.386,1.004,6.04,19.45,37,7.007,692,11.311,117.6,0.588,0.384,1.321,5.38,0.253,0.0685,8093,41.2,0.0938,1.02,1.908,0.1799,153.2,1.008,0.391,1.98,28574,5.86,0.9058,22.281,0.0787,87.8,69.88,5.384,0.9812,0.466,16.92,1849.9
2023-05-01T10:00:00.000Z,2.386,1.004,6.06,19.45,37,7.007,692,11.314,117.6,0.588,0.384,1.321,5.38,0.253,0.0688,8093,41.2,0.0938,1.02,1.908,0.1799,153.2,1.008,0.391,1.97,28522,5.83,0.9058,22.326,0.0786,87.8,69.89,5.384,0.9793,0.466,16.92,1846.6
2023-05-01T11:00:00.000Z,2.388,0.996,6.08,19.38,37,6.974,697,11.236,117.2,0.583,0.38,1.321,5.36,0.252,0.0688,8088,41,0.0932,1.016,1.894,0.1787,153.2,1.012,0.39,1.95,28530,5.79,0.9058,22.21,0.0791,87.6,69.6,5.389,0.9777,0.463,17.02,1845.6
2023-05-01T12:00:00.000Z,2.387,0.994,6.08,19.35,36.8,6.984,699,11.24,117.6,0.584,0.382,1.326,5.38,0.253,0.0691,8099,40.8,0.0936,1.018,1.909,0.1787,152.4,1.017,0.392,1.93,28546,5.83,0.8979,22.331,0.0788,87.9,69.38,5.399,0.9797,0.465,17.02,1848.8
2023-05-01T13:00:00.000Z,2.387,0.996,6.04,19.31,37,6.951,701,11.235,117,0.584,0.38,1.322,5.34,0.254,0.0691,8105,40.9,0.0935,1.018,1.9,0.179,153.2,1.018,0.389,1.94,28443,5.79,0.894,22.169,0.0791,87.4,69.52,5.374,0.9752,0.462,16.95,1843
2023-05-01T14:00:00.000Z,2.387,0.991,5.95,19.27,36.8,6.932,700,11.137,116.8,0.581,0.379,1.321,5.33,0.252,0.0691,8038,40.5,0.0935,1.015,1.878,0.1785,153.1,1.011,0.389,1.95,28490,5.79,0.8899,22.128,0.0785,87.3,69.27,5.369,0.9708,0.46,16.88,1845.1
2023-05-01T15:00:00.000Z,2.387,0.986,5.9,19.18,36.7,6.912,702,11.088,116.4,0.576,0.377,1.311,5.3,0.252,0.0685,8020,40.3,0.0931,1.011,1.843,0.1778,152.8,1.009,0.386,1.93,28193,5.77,0.8894,21.931,0.0782,86.9,68.85,5.33,0.9648,0.458,16.87,1834.6
2023-05-01T16:00:00.000Z,2.362,0.985,5.81,19.11,36.8,6.939,702,11.042,116.5,0.579,0.377,1.314,5.31,0.251,0.0685,8033,40.1,0.0928,1.005,1.845,0.178,153.3,1.003,0.386,1.93,28339,5.73,0.8863,21.752,0.0781,86.8,68.59,5.338,0.9616,0.457,16.75,1839.5
2023-05-01T17:00:00.000Z,2.362,0.986,5.76,19.2,36.7,6.901,703,10.979,116.9,0.577,0.377,1.314,5.31,0.25,0.0685,8025,40.1,0.0928,1.005,1.836,0.178,153.3,1.007,0.387,1.93,28313,5.73,0.8881,21.979,0.0781,86.7,69,5.338,0.9643,0.455,16.86,1839
2023-05-01T18:00:00.000Z,2.362,0.986,5.67,19.09,36.8,6.891,699,10.899,116.4,0.577,0.377,1.314,5.31,0.248,0.0685,7961,40,0.0928,1.005,1.836,0.177,153.4,1.007,0.386,1.93,28157,5.73,0.8881,21.896,0.0782,86.8,69,5.338,0.9587,0.455,16.86,1832.3
2023-05-01T19:00:00.000Z,2.331,0.978,5.68,19.05,36.3,6.833,694,10.883,115.6,0.571,0.371,1.293,5.24,0.247,0.0683,7885,39.7,0.0924,1.002,1.815,0.1757,151.2,0.999,0.383,1.9,27868,5.64,0.8784,21.742,0.0778,86.1,68.35,5.296,0.9549,0.453,16.68,1813
2023-05-01T20:00:00.000Z,2.323,0.977,5.68,19.07,36.2,6.819,699,10.892,115.9,0.57,0.371,1.296,5.27,0.245,0.0682,7888,39.7,0.0923,1.001,1.809,0.1756,152.2,1.004,0.383,2.01,27733,5.62,0.8783,21.687,0.078,86.4,68.19,5.284,0.955,0.449,16.57,1811
2023-05-01T21:00:00.000Z,2.336,0.977,5.7,19.11,36.4,6.858,697,10.961,115.8,0.573,0.373,1.296,5.26,0.246,0.0682,7925,39.8,0.0923,1.006,1.824,0.1762,152.2,1.008,0.384,1.99,27991,5.62,0.8783,21.856,0.0786,86.4,68.4,5.304,0.9602,0.449,16.65,1824
2023-05-01T22:00:00.000Z,2.337,0.986,5.7,19.14,36.4,6.874,703,10.974,115.8,0.572,0.372,1.296,5.29,0.246,0.0686,7944,39.8,0.0923,1.009,1.83,0.1763,152.2,1.009,0.387,1.97,28022,5.65,0.884,21.842,0.0786,86.4,68.61,5.304,0.9604,0.451,16.66,1825.9
2023-05-01T23:00:00.000Z,2.337,0.986,5.7,19.14,36.4,6.874,703,10.974,117.1,0.572,0.372,1.296,5.29,0.248,0.0686,7944,39.8,0.0924,1.009,1.829,0.1763,152.2,1.009,0.387,1.97,28152,5.65,0.884,22.022,0.0786,86.4,68.61,5.304,0.9604,0.454,16.66,1833.6
2023-05-02T00:00:00.000Z,2.344,0.983,5.75,19.18,36.3,6.912,704,10.982,117.2,0.574,0.374,1.296,5.29,0.248,0.0686,7974,39.8,0.0924,1.014,1.837,0.1768,152.2,1.007,0.385,1.97,28068,5.65,0.8833,21.908,0.0791,86.4,68.61,5.304,0.9605,0.454,16.66,1836.7
2023-05-02T01:00:00.000Z,2.33,0.983,5.67,19.12,36.3,6.863,706,10.935,116.7,0.57,0.374,1.296,5.28,0.245,0.0678,7950,39.8,0.0926,1.011,1.825,0.1759,152.8,1.006,0.385,1.97,27954,5.65,0.8801,21.819,0.0784,86.5,68.66,5.307,0.9578,0.453,16.54,1826.9
2023-05-02T02:00:00.000Z,2.33,0.985,5.71,19.08,36.4,6.882,708,11.007,116.6,0.571,0.373,1.298,5.28,0.245,0.0678,7943,39.8,0.0921,1.01,1.827,0.1756,152.8,1.004,0.385,1.99,27977,5.65,0.8823,21.885,0.0786,86.9,68.89,5.305,0.9579,0.455,16.64,1830.2
2023-05-02T03:00:00.000Z,2.338,0.99,5.72,19.16,36.3,6.901,711,10.989,117.2,0.576,0.375,1.294,5.28,0.243,0.0674,7985,39.8,0.0927,1.014,1.829,0.1761,152.8,1.009,0.386,1.99,27995,5.65,0.8882,21.89,0.0788,87.1,68.96,5.297,0.9585,0.454,16.59,1830
2023-05-02T04:00:00.000Z,2.338,0.989,5.73,19.09,36.5,6.875,708,10.937,116.8,0.573,0.374,1.288,5.28,0.244,0.0674,7961,39.7,0.0924,1.013,1.818,0.1758,152.8,1.007,0.386,2,27928,5.65,0.883,21.737,0.0783,86.9,68.78,5.3,0.9567,0.453,16.52,1826.4
2023-05-02T05:00:00.000Z,2.34,0.988,5.69,19.02,36.3,6.901,709,10.984,117.4,0.574,0.372,1.289,5.26,0.244,0.0674,8000,39.6,0.0925,1.011,1.819,0.1752,152.8,1.01,0.386,2.05,27992,5.65,0.8878,21.868,0.0787,87.2,68.92,5.318,0.9598,0.456,16.59,1831.5
2023-05-02T06:00:00.000Z,2.344,0.985,5.66,19.01,36.3,6.9,713,10.968,117.5,0.573,0.372,1.29,5.25,0.243,0.0674,7993,39.5,0.0921,1.016,1.823,0.1753,152.8,1.012,0.387,2.16,27966,5.65,0.8849,21.863,0.0784,87.2,69.02,5.299,0.9588,0.457,16.6,1832.1
2023-05-02T07:00:00.000Z,2.354,0.99,5.69,19.16,36.4,6.93,712,10.991,118.2,0.574,0.376,1.293,5.26,0.244,0.0674,8007,39.7,0.092,1.03,1.826,0.1764,154.2,1.01,0.387,2.1,28009,5.65,0.8895,21.879,0.0784,87.5,69.37,5.323,0.9592,0.459,16.66,1838.2
2023-05-02T08:00:00.000Z,2.354,0.987,5.65,19.12,36.4,6.941,709,11.046,118.2,0.576,0.376,1.296,5.28,0.243,0.0684,7995,39.9,0.0921,1.028,1.827,0.1762,154.2,1.005,0.387,2.1,28009,5.68,0.8903,21.913,0.0788,87.9,69.21,5.323,0.9633,0.455,16.75,1834.5
2023-05-02T09:00:00.000Z,2.343,0.984,5.63,19.04,36.3,6.865,707,10.955,117.8,0.575,0.373,1.295,5.23,0.244,0.0684,7914,39.5,0.0924,1.019,1.814,0.175,154.2,1.007,0.387,2.23,28027,5.68,0.8821,21.871,0.0784,88.1,69,5.294,0.9577,0.455,16.63,1830.6
2023-05-02T10:00:00.000Z,2.343,0.985,5.73,19.08,36.4,6.882,708,10.958,118.6,0.573,0.375,1.292,5.27,0.244,0.0684,7944,39.8,0.0922,1.02,1.827,0.1757,154.2,1.008,0.387,2.26,28027,5.68,0.8844,21.875,0.0784,88.3,68.67,5.278,0.9605,0.454,16.6,1830.2
2023-05-02T11:00:00.000Z,2.344,0.981,5.71,19.05,36.5,6.896,709,11.016,118.9,0.575,0.375,1.298,5.25,0.244,0.0684,7959,39.9,0.0924,1.021,1.838,0.1756,154.2,1.009,0.387,2.23,28066,5.66,0.8904,21.933,0.0782,88,68.87,5.275,0.9585,0.454,16.65,1833
2023-05-02T12:00:00.000Z,2.347,0.986,5.71,19.09,36.8,6.86,706,10.996,118.3,0.577,0.373,1.297,5.25,0.243,0.0684,7944,39.9,0.092,1.022,1.833,0.1758,153.9,1.006,0.388,2.23,28157,5.67,0.8888,22.002,0.0785,88.2,68.79,5.279,0.9591,0.454,16.67,1832.1
2023-05-02T13:00:00.000Z,2.344,0.983,5.71,18.96,36.3,6.846,705,10.979,117.7,0.575,0.371,1.291,5.25,0.242,0.0687,7926,39.7,0.0923,1.018,1.814,0.1755,153.8,1.004,0.388,2.24,28005,5.65,0.8883,21.921,0.0779,87.9,68.44,5.279,0.956,0.453,16.6,1831.8
2023-05-02T14:00:00.000Z,2.358,0.991,5.74,19.1,36.6,6.903,708,11.06,118.1,0.578,0.374,1.302,5.26,0.244,0.0686,7911,40,0.0925,1.025,1.84,0.1765,153.4,1.018,0.385,2.14,28371,5.7,0.9048,22.108,0.0787,88.2,69.01,5.312,0.9659,0.455,16.69,1852.3
2023-05-02T15:00:00.000Z,2.359,0.991,5.74,19.18,36.7,6.929,707,11.029,118.4,0.58,0.376,1.308,5.26,0.245,0.0686,7931,40,0.0928,1.028,1.839,0.1771,154.3,1.013,0.388,2.13,28547,5.69,0.8989,22.179,0.0787,88.1,69.22,5.312,0.9651,0.456,16.83,1860
2023-05-02T16:00:00.000Z,2.359,0.988,5.74,19.19,36.8,6.879,702,11.029,118.1,0.576,0.376,1.301,5.26,0.244,0.0686,7929,39.7,0.0932,1.026,1.839,0.1769,154.3,1.016,0.388,2.15,28476,5.7,0.8984,22.128,0.0787,87.7,68.98,5.312,0.965,0.455,16.81,1853.9
2023-05-02T17:00:00.000Z,2.364,0.987,5.68,19.19,36.8,6.897,698,11.041,118.7,0.58,0.376,1.302,5.27,0.246,0.0691,7952,39.9,0.0935,1.027,1.841,0.1776,154.3,1.018,0.389,2.12,28500,5.72,0.9006,22.158,0.0787,87.7,69.19,5.312,0.9638,0.457,16.8,1862.3
2023-05-02T18:00:00.000Z,2.382,0.991,5.7,19.28,37,6.923,698,11.096,119.1,0.579,0.377,1.315,5.27,0.246,0.0697,7937,40,0.0937,1.029,1.849,0.1786,154.3,1.021,0.39,2.1,28721,5.75,0.9065,22.253,0.0791,88.2,69.19,5.342,0.9729,0.457,16.91,1873.5
2023-05-02T19:00:00.000Z,2.405,0.991,5.7,19.34,36.8,7.019,699,11.108,119,0.58,0.378,1.312,5.27,0.249,0.0697,7964,40.1,0.0938,1.029,1.842,0.1788,154.3,1.029,0.393,2.12,28729,5.73,0.9082,22.303,0.0791,88.1,69.27,5.342,0.9709,0.46,16.98,1873.8
2023-05-02T20:00:00.000Z,2.411,0.994,5.7,19.31,36.9,6.989,698,11.058,119.5,0.58,0.378,1.316,5.27,0.25,0.0697,7963,39.8,0.0937,1.022,1.844,0.1787,154.3,1.016,0.393,2.11,28716,5.7,0.9054,22.245,0.0791,88.3,69.12,5.332,0.977,0.46,16.9,1872.4
2023-05-02T21:00:00.000Z,2.433,0.989,5.7,19.31,36.9,6.992,699,11.057,119.5,0.581,0.378,1.307,5.3,0.25,0.0697,7958,39.7,0.0937,1.023,1.834,0.179,154.3,1.016,0.393,2.11,28693,5.7,0.9045,22.26,0.0791,88.5,69.06,5.341,0.973,0.457,16.85,1874.4
2023-05-02T22:00:00.000Z,2.446,0.99,5.7,19.27,36.8,6.983,700,11.043,119.8,0.583,0.379,1.313,5.3,0.249,0.0697,7981,39.9,0.0935,1.025,1.847,0.1797,154.3,1.018,0.391,2.11,28799,5.75,0.9081,22.257,0.0787,88.8,69.33,5.341,0.9808,0.458,16.94,1878.7
2023-05-02T23:00:00.000Z,2.446,0.993,5.7,19.29,36.8,6.973,700,11.058,119,0.581,0.376,1.303,5.3,0.249,0.0697,7961,39.9,0.0935,1.025,1.84,0.1797,154.3,1.017,0.391,2.13,28703,5.75,0.9027,22.257,0.0787,88.8,69.33,5.341,0.9746,0.458,16.94,1873.2
2023-05-03T00:00:00.000Z,2.439,0.993,5.7,19.15,36.6,6.963,700,11.058,119,0.581,0.377,1.296,5.27,0.246,0.0697,7961,39.6,0.0935,1.025,1.83,0.1782,154.3,1.017,0.389,2.13,28535,5.75,0.9027,22.085,0.0786,88.8,69.33,5.341,0.9757,0.458,16.94,1865.8
2023-05-03T01:00:00.000Z,2.458,0.993,5.7,19.15,36.6,6.963,700,11.058,119,0.581,0.375,1.296,5.27,0.246,0.0697,7961,39.6,0.0935,1.025,1.83,0.1777,154.3,1.017,0.388,2.13,28571,5.75,0.9027,22.085,0.0786,88.8,69.33,5.341,0.9659,0.458,16.94,1864.4
2023-05-03T02:00:00.000Z,2.443,0.983,5.7,19.1,36.5,6.954,700,11.058,119,0.581,0.373,1.293,5.22,0.244,0.0697,7961,39.4,0.0935,1.025,1.82,0.1778,154.3,1.008,0.388,2.14,28404,5.69,0.8975,21.945,0.0782,87.5,68.64,5.266,0.9659,0.452,16.72,1864.4
2023-05-03T03:00:00.000Z,2.443,0.983,5.7,19.11,36.4,6.947,700,11.058,119,0.581,0.375,1.293,5.22,0.244,0.0697,7961,39.3,0.0931,1.025,1.816,0.1778,154.3,1.008,0.388,2.14,28521,5.66,0.8975,21.83,0.0782,87.8,68.64,5.266,0.9659,0.452,16.72,1866.1
2023-05-03T04:00:00.000Z,2.443,0.983,5.7,19.11,36.4,6.962,700,11.058,119,0.581,0.375,1.293,5.22,0.244,0.0697,7961,39.7,0.0931,1.025,1.816,0.1778,154.3,1.008,0.388,2.14,28488,5.66,0.8975,21.83,0.0782,87.8,68.64,5.271,0.9659,0.452,16.72,1863
2023-05-03T05:00:00.000Z,2.443,0.983,5.7,19.11,36.4,6.962,700,11.058,119,0.581,0.375,1.293,5.22,0.244,0.0697,7961,39.7,0.0931,1.025,1.816,0.1778,154.3,1.008,0.388,2.2,28516,5.66,0.8975,21.873,0.0781,87.8,68.64,5.249,0.9659,0.452,16.72,1863
2023-05-03T06:00:00.000Z,2.443,0.983,5.85,19.11,36.4,6.962,700,11.058,119,0.581,0.375,1.293,5.22,0.244,0.0697,7989,39.7,0.0931,1.025,1.816,0.1782,154.3,1.008,0.388,2.15,28609,5.66,0.8975,21.744,0.0781,87.8,68.67,5.249,0.9744,0.452,16.72,1866.3
2023-05-03T07:00:00.000Z,2.443,0.983,5.85,19.11,36.4,6.962,700,11.058,119,0.581,0.375,1.293,5.22,0.244,0.0697,7989,39.7,0.0931,1.025,1.816,0.1782,154.3,1.008,0.388,2.09,28609,5.66,0.8975,21.775,0.0781,87.8,68.67,5.249,0.9725,0.452,16.71,1869.3
2023-05-03T08:00:00.000Z,2.457,0.983,5.82,19.18,36.4,6.977,700,11.043,119,0.581,0.376,1.293,5.22,0.244,0.0697,7989,39.7,0.0931,1.025,1.829,0.1782,152.4,1.008,0.388,2.09,28754,5.66,0.904,21.792,0.0781,87.8,68.67,5.249,0.9809,0.452,16.71,1871
2023-05-03T09:00:00.000Z,2.457,0.983,5.82,19.18,36.4,6.977,700,11.043,119,0.581,0.376,1.304,5.22,0.246,0.0697,7989,39.7,0.0931,1.025,1.829,0.1782,152.4,1.008,0.388,2.08,28651,5.66,0.904,21.792,0.0781,87.8,68.67,5.256,0.9821,0.45,16.71,1868.8
2023-05-03T10:00:00.000Z,2.46,0.983,5.82,19.18,36.4,6.977,700,11.043,119,0.581,0.376,1.304,5.22,0.245,0.0697,7989,39.7,0.0931,1.025,1.829,0.1781,152.4,1.008,0.388,2.08,28662,5.66,0.904,21.792,0.0781,87.8,68.67,5.256,0.9875,0.45,16.71,1865.6
2023-05-03T11:00:00.000Z,2.432,0.983,5.82,19.1,36.4,6.929,700,10.937,119,0.581,0.374,1.294,5.22,0.247,0.0697,7961,39.3,0.0931,1.025,1.818,0.1781,152.4,1.012,0.383,2.06,28552,5.66,0.9017,21.489,0.0779,87.8,68.63,5.256,0.985,0.45,16.71,1862.5
2023-05-03T12:00:00.000Z,2.432,0.974,5.59,18.92,36.2,6.844,689,10.803,117.9,0.561,0.367,1.283,5.21,0.247,0.0687,7808,39.4,0.0923,1.025,1.798,0.1759,152.3,1.012,0.381,2.04,28312,5.58,0.8927,21.307,0.0771,86.3,67.81,5.208,0.9811,0.44,16.49,1850.5
2023-05-03T13:00:00.000Z,2.429,0.973,5.61,18.92,36,6.874,689,10.825,117.9,0.564,0.367,1.275,5.21,0.241,0.0687,7866,39.4,0.0921,1.025,1.796,0.1759,152.3,1.012,0.38,2.03,28376,5.58,0.8933,21.304,0.0771,86.3,68.05,5.208,0.9769,0.44,16.57,1857.8
2023-05-03T14:00:00.000Z,2.421,0.973,5.61,18.92,36,6.849,689,10.825,116.3,0.562,0.367,1.282,5.21,0.241,0.0687,7849,39.4,0.0921,1.025,1.796,0.1759,152.3,1.012,0.38,2,28208,5.58,0.8833,21.403,0.0771,86.3,68.05,5.208,0.9769,0.44,16.57,1848.2
2023-05-03T15:00:00.000Z,2.441,0.973,5.6,18.92,36,6.849,689,10.825,116.3,0.563,0.368,1.282,5.21,0.24,0.0687,7849,39.4,0.0921,1.025,1.796,0.1759,152.3,1.012,0.38,2,28326,5.58,0.8833,21.403,0.0775,85.9,68.05,5.212,0.9769,0.44,16.57,1853.1
2023-05-03T16:00:00.000Z,2.441,0.973,5.6,18.92,36,6.849,689,10.825,116.3,0.563,0.368,1.282,5.21,0.24,0.0687,7849,39.4,0.0921,1.025,1.796,0.1759,152.6,1.012,0.38,2,28429,5.58,0.8833,21.403,0.0775,85.9,68.05,5.212,0.9863,0.44,16.55,1864.4
2023-05-03T17:00:00.000Z,2.394,0.973,5.64,19.03,36.6,6.905,691,10.817,117.3,0.57,0.368,1.295,5.26,0.242,0.0692,7856,39.4,0.0921,1.007,1.798,0.1759,152.6,1.005,0.38,1.98,28553,5.66,0.8896,21.405,0.0781,86.8,69.01,5.264,0.9873,0.44,16.74,1875.6
2023-05-03T18:00:00.000Z,2.462,0.986,5.79,19.19,36.7,7.053,690,10.944,117.3,0.574,0.376,1.305,5.26,0.245,0.069,7930,39.9,0.0926,1.015,1.821,0.1772,152.6,1.013,0.383,1.97,28436,5.69,0.9099,21.529,0.0784,87.1,70.15,5.285,0.9948,0.442,17.19,1884.8
2023-05-03T19:00:00.000Z,2.465,0.986,5.8,19.19,36.7,7.03,691,10.945,117.9,0.576,0.375,1.305,5.26,0.246,0.069,7941,39.9,0.0926,1.015,1.832,0.178,152.6,1.023,0.383,1.97,28371,5.69,0.9575,21.529,0.0784,87.2,70.4,5.285,0.9976,0.447,17.17,1870.8
2023-05-03T20:00:00.000Z,2.442,0.986,5.8,19.19,36.7,6.993,691,10.907,117.9,0.576,0.375,1.305,5.26,0.246,0.069,7947,39.7,0.0926,1.015,1.832,0.178,152.6,1.023,0.383,1.99,28553,5.69,0.9577,21.669,0.0784,87.2,70.4,5.285,0.9935,0.447,17.05,1876.4
2023-05-03T21:00:00.000Z,2.487,1,5.8,19.7,36.9,7.118,700,11.088,118.9,0.576,0.375,1.322,5.26,0.246,0.069,7947,39.7,0.0926,1.015,1.859,0.178,152.6,1.035,0.383,2,28924,5.73,0.9749,22.001,0.0792,88.5,71.06,5.285,1.008,0.452,17.15,1896.7
2023-05-03T22:00:00.000Z,2.487,1.003,5.8,19.63,37.3,7.137,700,11.088,118.9,0.591,0.387,1.335,5.26,0.254,0.069,7947,41.1,0.0926,1.015,1.912,0.178,152.6,1.044,0.395,2,29168,5.73,0.9787,22.234,0.0792,88.5,71.06,5.285,1.0163,0.452,17.15,1910.3
2023-05-03T23:00:00.000Z,2.487,1.003,5.8,19.63,37.3,7.119,700,11.088,118.9,0.591,0.387,1.335,5.26,0.253,0.069,7947,41.1,0.0926,1.015,1.922,0.178,152.6,1.044,0.395,2.01,29030,5.73,0.9806,22.234,0.0792,88.5,71.06,5.285,1.0114,0.452,17.15,1904.1
2023-05-04T00:00:00.000Z,2.487,0.997,5.8,19.43,37.3,7.113,700,11.088,118.9,0.58,0.384,1.323,5.36,0.251,0.069,7947,41.1,0.0935,1.015,1.922,0.181,152.6,1.039,0.395,2.01,29031,5.73,0.9657,22.293,0.0795,88.5,71.06,5.285,1.0042,0.454,17.15,1906.2
2023-05-04T01:00:00.000Z,2.487,0.997,5.8,19.43,37.3,7.113,700,11.088,118.9,0.58,0.384,1.323,5.36,0.251,0.069,7947,41.1,0.0935,1.015,1.922,0.181,152.6,1.039,0.395,2.01,29031,5.73,0.9577,22.293,0.0795,88.5,71.06,5.285,1.0003,0.454,17.15,1902.4
2023-05-04T02:00:00.000Z,2.487,0.997,5.8,19.43,37.3,7.113,700,11.088,118.9,0.58,0.384,1.323,5.36,0.251,0.069,7947,41.1,0.0935,1.015,1.922,0.181,152.6,1.039,0.395,2.01,29043,5.73,0.9577,22.293,0.0795,88.5,71.06,5.285,1.0003,0.454,17.15,1902.4
2023-05-04T03:00:00.000Z,2.487,0.998,5.8,19.46,37.3,7.138,700,11.088,118.9,0.58,0.384,1.323,5.36,0.251,0.069,7947,41.1,0.0935,1.015,1.886,0.181,152.6,1.039,0.395,2.01,29067,5.73,0.9563,22.293,0.0795,88.5,71.06,5.285,1.0003,0.454,17.15,1903.5
2023-05-04T04:00:00.000Z,2.487,0.998,5.8,19.46,37.3,7.138,700,11.071,118.9,0.58,0.384,1.323,5.36,0.251,0.069,7947,41.1,0.0935,1.015,1.886,0.181,152.6,1.039,0.395,2.01,29067,5.73,0.9563,22.293,0.0795,88.5,71.06,5.285,1.0003,0.454,17.15,1902.9
2023-05-04T05:00:00.000Z,2.487,0.998,5.8,19.46,37.3,7.138,700,11.071,118.9,0.58,0.384,1.323,5.36,0.251,0.069,7947,41.1,0.0935,1.015,1.878,0.181,152.6,1.033,0.395,2.01,29067,5.73,0.956,22.293,0.0795,88.5,71.06,5.285,1.0001,0.454,17.15,1903
2023-05-04T06:00:00.000Z,2.487,0.998,5.8,19.46,37.3,7.138,700,11.071,118.9,0.583,0.386,1.323,5.36,0.251,0.069,7947,41.1,0.0935,1.015,1.878,0.181,152.6,1.033,0.395,2.01,29204,5.73,0.956,22.293,0.0795,88.5,71.06,5.285,1.0001,0.454,17.15,1900.6
2023-05-04T07:00:00.000Z,2.487,1.001,5.8,19.44,36.9,7.091,697,11.042,118.3,0.579,0.384,1.323,5.31,0.247,0.0694,8044,40.5,0.0935,1.015,1.878,0.1798,152.6,1.033,0.395,2.08,29052,5.73,0.9479,22.133,0.0795,88.5,71.13,5.36,1.0001,0.457,17.11,1898.6
2023-05-04T08:00:00.000Z,2.487,1.002,5.8,19.44,36.8,7.08,697,11.045,118.9,0.579,0.384,1.323,5.31,0.248,0.0694,8013,40.6,0.0935,1.015,1.878,0.1798,152.6,1.033,0.395,2.04,29125,5.73,0.9522,22.211,0.0795,88.5,71.13,5.337,1.0001,0.454,17.11,1904.9
2023-05-04T09:00:00.000Z,2.487,1.002,5.8,19.44,36.9,7.08,697,11.068,118.9,0.579,0.384,1.323,5.31,0.249,0.0694,8013,40.6,0.0935,1.015,1.878,0.1798,152.6,1.033,0.395,2.02,29059,5.73,0.9453,22.241,0.0795,87.8,71.13,5.337,1,0.454,17.11,1904
2023-05-04T10:00:00.000Z,2.487,1.002,5.8,19.44,36.7,7.08,697,11.068,118.9,0.579,0.384,1.323,5.31,0.249,0.0694,8013,40.6,0.0935,1.015,1.878,0.1798,152.6,1.033,0.395,2.04,29292,5.73,0.9453,22.241,0.0795,88.3,71.13,5.337,1,0.454,17.11,1913.1
2023-05-04T11:00:00.000Z,2.494,1.002,6.11,19.44,36.7,7.08,697,11.068,118.9,0.579,0.384,1.323,5.31,0.249,0.0691,8013,40.6,0.0935,1.015,1.878,0.1798,152.6,1.033,0.395,2.05,29292,5.73,0.9453,22.201,0.0795,88.3,71.13,5.337,0.9963,0.454,17.11,1908.9
2023-05-04T12:00:00.000Z,2.479,0.992,6.02,19.33,37,7.052,697,11.068,118.9,0.578,0.385,1.323,5.34,0.249,0.0691,8024,40.6,0.0935,1.015,1.855,0.1798,152.6,1.034,0.395,2.04,29077,5.73,0.9351,22.175,0.0795,88.3,71.13,5.337,0.9943,0.454,16.95,1896.9
2023-05-04T13:00:00.000Z,2.477,0.989,5.99,19.33,37,7.017,697,10.976,118.9,0.58,0.382,1.322,5.3,0.249,0.0691,7975,40.3,0.0931,1.008,1.855,0.1798,152.6,1.028,0.395,2.05,28741,5.72,0.9285,21.905,0.0787,88.3,70.86,5.288,0.9857,0.452,16.92,1883.1
2023-05-04T14:00:00.000Z,2.477,0.989,5.91,19.33,36.6,7.005,697,10.969,118.9,0.58,0.382,1.322,5.3,0.249,0.0691,8049,40.3,0.0931,1.008,1.855,0.1798,152.6,1.028,0.395,2.05,28875,5.72,0.9264,21.895,0.0787,87.9,70.86,5.288,0.9848,0.452,16.92,1889.8
2023-05-04T15:00:00.000Z,2.477,0.991,5.91,19.25,36.8,7.009,693,10.969,118.9,0.576,0.382,1.322,5.3,0.249,0.0691,8022,40.1,0.0932,1.008,1.855,0.1798,152.6,1.028,0.395,2.05,28881,5.72,0.9309,21.851,0.0787,87.7,71.01,5.288,0.9848,0.452,17.02,1890.1
2023-05-04T16:00:00.000Z,2.477,0.994,5.91,19.25,36.9,7.028,693,10.969,118.9,0.576,0.382,1.322,5.3,0.249,0.0691,8017,40.1,0.0929,1.008,1.855,0.1798,152.6,1.028,0.395,2.05,28953,5.68,0.9293,21.851,0.0786,87.8,71.17,5.288,0.9854,0.452,17.02,1885.9
2023-05-04T17:00:00.000Z,2.477,0.989,5.96,19.28,36.9,7.028,693,10.969,118.9,0.579,0.381,1.322,5.3,0.246,0.0691,8017,40.3,0.0929,1.008,1.855,0.1798,152.6,1.028,0.395,2.13,28844,5.68,0.9293,21.789,0.0786,87.8,71.17,5.288,0.9868,0.452,17.02,1881.8
2023-05-04T18:00:00.000Z,2.477,0.989,5.96,19.28,36.9,6.99,693,10.969,118.9,0.579,0.381,1.322,5.25,0.246,0.0691,8017,40.3,0.0929,1.008,1.855,0.1798,152.6,1.028,0.387,2.13,28832,5.68,0.9293,21.789,0.0789,88,70.76,5.288,0.9868,0.452,17.02,1874.5
2023-05-04T19:00:00.000Z,2.452,0.986,6.02,19.23,36.9,6.981,689,10.969,117.1,0.58,0.379,1.322,5.26,0.246,0.0691,8000,40,0.093,1.003,1.855,0.1764,152.6,1.031,0.387,2.08,28913,5.65,0.9278,21.789,0.0783,88,70.76,5.288,0.9851,0.452,16.9,1877.1
2023-05-04T20:00:00.000Z,2.452,0.986,6.02,19.23,36.3,6.981,689,10.969,117.1,0.58,0.379,1.322,5.23,0.246,0.0691,8000,40,0.093,1.003,1.855,0.1764,152.6,1.031,0.387,2.07,28892,5.65,0.9278,21.789,0.0783,87.8,70.76,5.288,0.9851,0.452,16.9,1880.5
2023-05-04T21:00:00.000Z,2.452,0.986,6.02,19.23,36.3,6.981,689,10.969,117.1,0.58,0.379,1.322,5.23,0.246,0.0691,8000,40,0.093,1.003,1.855,0.1764,152.6,1.031,0.387,2.07,28868,5.65,0.9193,21.789,0.0783,88,70.76,5.288,0.9851,0.452,16.9,1874.7
2023-05-04T22:00:00.000Z,2.452,0.986,5.91,19.23,36.3,6.981,689,10.969,117.1,0.58,0.379,1.322,5.23,0.246,0.0691,8000,40,0.093,1.003,1.855,0.1764,152.6,1.031,0.387,2.07,28842,5.65,0.9193,21.789,0.0783,88,70.76,5.288,0.9792,0.452,16.9,1875.9
2023-05-04T23:00:00.000Z,2.452,0.986,5.91,19.23,36.3,6.981,689,10.969,117.1,0.58,0.379,1.322,5.23,0.246,0.0691,8000,40,0.093,1.003,1.855,0.1764,152.6,1.031,0.387,2.07,28887,5.65,0.9193,21.786,0.0783,88,70.76,5.288,0.9792,0.452,16.9,1880.5
2023-05-05T00:00:00.000Z,2.452,0.986,5.93,19.23,36.3,6.981,689,10.969,117.1,0.58,0.379,1.322,5.26,0.246,0.0691,8000,40,0.093,1.003,1.855,0.1773,152.6,1.031,0.388,2.09,28958,5.65,0.9193,21.784,0.0786,88,70.76,5.26,0.9868,0.452,16.9,1883.7
2023-05-05T01:00:00.000Z,2.483,0.996,6.03,19.39,36.3,7.093,691,11.009,117.1,0.582,0.381,1.319,5.28,0.246,0.0691,8057,40.2,0.093,1.006,1.868,0.1777,152.6,1.03,0.389,2.09,29283,5.71,0.9399,21.802,0.0785,88.7,71.19,5.269,0.9878,0.452,17.05,1902
2023-05-05T02:00:00.000Z,2.48,0.998,6.01,19.49,36.6,7.094,693,11.109,118.8,0.586,0.382,1.323,5.29,0.247,0.0696,8061,40.3,0.0933,1.011,1.861,0.1789,156,1.038,0.393,2.15,29296,5.76,0.9342,21.977,0.0791,88.5,71.42,5.305,0.9882,0.455,17.07,1902.2
2023-05-05T03:00:00.000Z,2.471,0.994,5.95,19.38,36.5,7.074,691,11.071,118.5,0.584,0.381,1.321,5.26,0.246,0.0695,8009,40.1,0.0931,1.007,1.845,0.1783,155.7,1.034,0.392,2.16,29219,5.75,0.9398,21.846,0.0788,88.3,71.1,5.317,0.9841,0.453,17,1899.7
2023-05-05T04:00:00.000Z,2.473,0.996,5.99,19.42,36.6,7.083,692,11.129,118.7,0.584,0.381,1.325,5.27,0.247,0.0694,8019,40.2,0.0933,1.011,1.856,0.1785,155.3,1.036,0.393,2.2,29296,5.76,0.9352,21.957,0.079,88.5,71.35,5.328,0.9867,0.454,17.02,1901.4
2023-05-05T05:00:00.000Z,2.481,0.994,6.03,19.31,36.8,7.045,694,11.047,117.9,0.579,0.381,1.326,5.26,0.247,0.0698,8036,39.8,0.0935,1.004,1.852,0.1779,156.2,1.03,0.39,2.18,29215,5.71,0.9393,21.838,0.0785,88,71.14,5.28,0.9882,0.451,17.03,1896.5
2023-05-05T06:00:00.000Z,2.477,0.995,6,19.31,36.8,7.057,695,11.03,118,0.579,0.383,1.326,5.26,0.247,0.0699,8034,39.8,0.0935,1.005,1.852,0.1778,156.1,1.033,0.39,2.28,29239,5.71,0.9382,21.832,0.0786,87.8,70.84,5.298,0.989,0.452,17.09,1901.8
2023-05-05T07:00:00.000Z,2.477,0.995,6,19.31,36.8,7.057,695,11.03,118,0.579,0.383,1.326,5.26,0.245,0.0699,8034,39.8,0.0935,1.005,1.852,0.1778,156.1,1.033,0.39,2.29,29101,5.71,0.9382,21.832,0.0786,87.8,70.84,5.298,0.989,0.452,17.09,1896.2
2023-05-05T08:00:00.000Z,2.473,0.995,5.86,19.39,36.8,7.053,692,11.11,118.6,0.58,0.38,1.316,5.22,0.245,0.0697,8038,40,0.0929,1.005,1.844,0.1794,155.7,1.035,0.39,2.33,29105,5.78,0.9397,21.802,0.0787,88,71.01,5.325,0.9883,0.455,16.96,1901.1
2023-05-05T09:00:00.000Z,2.473,0.996,5.86,19.39,36.7,7.036,691,11.091,118.5,0.58,0.38,1.316,5.22,0.245,0.0696,8041,40,0.0929,1.005,1.842,0.1793,155.6,1.034,0.39,2.87,29095,5.78,0.9389,21.812,0.0787,87.9,71.19,5.321,0.9865,0.455,16.96,1901.1
2023-05-05T10:00:00.000Z,2.478,0.999,5.86,19.39,36.7,7.036,691,11.091,118.5,0.58,0.38,1.316,5.24,0.246,0.0701,8041,40,0.0935,1.005,1.842,0.1793,155.6,1.04,0.389,2.97,29116,5.78,0.9472,21.839,0.0785,87.9,71.34,5.321,0.9865,0.455,16.96,1904.2
2023-05-05T11:00:00.000Z,2.478,1.002,5.86,19.41,36.7,7.036,691,11.091,118.8,0.58,0.382,1.316,5.24,0.246,0.0701,8076,40,0.0935,1.01,1.846,0.1804,155.6,1.04,0.389,3.01,29176,5.78,0.9445,21.839,0.0788,87.9,71.34,5.314,0.9917,0.455,17.03,1912.4
2023-05-05T12:00:00.000Z,2.477,1.004,5.87,19.29,36.6,7.015,691,11.04,118.1,0.581,0.379,1.321,5.17,0.244,0.0699,8038,40,0.0928,0.997,1.835,0.1799,155,1.036,0.387,2.8,29004,5.75,0.9476,21.911,0.0782,87.3,70.99,5.312,0.9885,0.451,17,1910.4
2023-05-05T13:00:00.000Z,2.498,1.007,5.86,19.35,36.9,7.047,705,11.103,118.1,0.579,0.379,1.324,5.21,0.244,0.0699,8089,40.4,0.0928,0.997,1.839,0.1806,155,1.043,0.387,2.78,29209,5.79,0.9536,22.15,0.0784,87.7,71.36,5.428,0.9933,0.453,17.09,1932.6
2023-05-05T14:00:00.000Z,2.523,1.013,5.97,19.35,37.3,7.109,713,11.103,118.1,0.585,0.383,1.324,5.21,0.244,0.0707,8086,40.4,0.0938,0.997,1.86,0.1806,157.2,1.043,0.387,2.83,29292,5.87,0.958,22.306,0.0784,87.7,72.65,5.518,1.0035,0.453,17.09,1951.3
2023-05-05T15:00:00.000Z,2.516,1.013,5.97,19.44,37.1,7.127,712,11.209,118.1,0.586,0.385,1.338,5.21,0.25,0.0706,8060,40.4,0.0938,1.006,1.878,0.1813,157.6,1.043,0.387,2.76,29354,5.87,0.9614,22.346,0.0784,88.3,72.84,5.518,0.9981,0.458,17.02,1951.7
2023-05-05T16:00:00.000Z,2.571,1.025,6.01,19.67,37.6,7.206,723,11.297,120.8,0.59,0.387,1.354,5.28,0.252,0.0712,8149,41,0.0942,1.016,1.874,0.1821,158.4,1.051,0.395,2.77,29514,5.89,0.9672,22.568,0.0794,88.9,73.6,5.585,1.0028,0.461,17.17,1986.9
2023-05-05T17:00:00.000Z,2.571,1.025,5.98,19.6,37.3,7.224,723,11.231,120.8,0.592,0.388,1.349,5.28,0.252,0.0711,8139,41.1,0.0942,1.015,1.87,0.1815,157.8,1.051,0.394,2.98,29515,5.86,0.969,22.731,0.0794,88.7,73.72,5.525,1.0021,0.461,17.3,1993.1
2023-05-05T18:00:00.000Z,2.562,1.025,5.92,19.6,37.3,7.207,727,11.231,120.1,0.589,0.388,1.343,5.28,0.251,0.0709,8139,40.7,0.094,1.011,1.87,0.1809,158.2,1.051,0.394,2.98,29382,5.86,0.9646,22.818,0.0793,88.4,73.17,5.525,1.0021,0.461,17.31,1977.6
2023-05-05T19:00:00.000Z,2.566,1.024,5.98,19.58,36.8,7.252,722,11.231,120.1,0.59,0.388,1.343,5.25,0.251,0.0709,8139,40.7,0.094,1.011,1.87,0.1809,158.2,1.051,0.394,2.92,29518,5.87,0.9646,22.91,0.0793,88.4,73.17,5.525,0.9974,0.461,17.31,1981.5
2023-05-05T20:00:00.000Z,2.567,1.024,5.98,19.58,36.8,7.261,722,11.231,120.1,0.59,0.388,1.343,5.25,0.251,0.0709,8142,40.7,0.094,1.011,1.868,0.1809,158.2,1.051,0.394,2.95,29525,5.87,0.9646,22.91,0.0793,88.7,73.72,5.525,1.0014,0.461,17.31,1993.3
2023-05-05T21:00:00.000Z,2.578,1.024,5.98,19.58,36.8,7.261,722,11.279,120.1,0.59,0.388,1.343,5.25,0.251,0.0709,8142,40.7,0.094,1.011,1.87,0.1809,158.2,1.051,0.394,2.87,29558,5.87,0.9661,22.91,0.0796,88.7,73.72,5.553,1.0014,0.461,17.31,1990.2
2023-05-05T22:00:00.000Z,2.578,1.024,5.98,19.58,36.8,7.246,722,11.279,120.1,0.59,0.388,1.343,5.29,0.251,0.0709,8142,41,0.094,1.018,1.87,0.1809,157.8,1.051,0.394,2.91,29644,5.87,0.9661,22.939,0.0809,88.7,73.59,5.553,1.0014,0.461,17.31,1988.3
2023-05-05T23:00:00.000Z,2.581,1.024,5.98,19.58,36.8,7.246,722,11.279,120.1,0.59,0.388,1.343,5.29,0.251,0.0709,8142,41,0.094,1.016,1.87,0.1809,157.8,1.051,0.394,2.95,29514,5.87,0.9582,22.888,0.0803,88.7,73.72,5.553,1.0014,0.461,17.31,1997.2
2023-05-06T00:00:00.000Z,2.564,1.025,5.95,19.7,37.3,7.264,731,11.269,120.1,0.589,0.387,1.353,5.28,0.254,0.0709,8182,41,0.0946,1.025,1.877,0.1824,158.3,1.05,0.396,2.81,29731,5.88,0.96,23.073,0.0804,89.2,73.95,5.59,1.0023,0.465,17.44,2007.1
2023-05-06T01:00:00.000Z,2.535,1.016,5.8,19.6,37.3,7.213,724,11.269,120,0.583,0.383,1.343,5.28,0.252,0.0709,8188,40.7,0.0942,1.028,1.853,0.181,158.3,1.04,0.391,2.73,29617,5.84,0.945,22.9,0.0804,88.1,73.95,5.568,0.9962,0.461,17.4,1984.3
2023-05-06T02:00:00.000Z,2.535,1.016,5.8,19.56,37.3,7.213,724,11.269,120,0.578,0.383,1.339,5.21,0.252,0.0709,8150,40.7,0.0939,1.034,1.819,0.1794,158.7,1.04,0.391,2.67,29497,5.84,0.9425,22.773,0.079,87.3,73.95,5.532,0.9898,0.461,17.25,1983.6
2023-05-06T03:00:00.000Z,2.535,1.016,5.81,19.56,36.8,7.169,721,11.269,119.2,0.577,0.382,1.339,5.21,0.249,0.0709,8157,40.4,0.0939,1.028,1.819,0.1795,158.7,1.045,0.389,2.57,29410,5.83,0.9432,22.773,0.0791,87.4,72.44,5.548,0.9898,0.456,17.25,1971.8
2023-05-06T04:00:00.000Z,2.505,1.016,5.78,19.56,36.7,7.17,721,11.269,119.2,0.577,0.382,1.339,5.21,0.249,0.0709,8186,40.4,0.0939,1.025,1.819,0.1795,158.7,1.045,0.389,2.69,29401,5.83,0.9437,22.795,0.0792,87.5,72.44,5.548,0.9892,0.456,17.25,1970.5
2023-05-06T05:00:00.000Z,2.482,1.012,5.75,19.42,36.5,7.174,719,11.106,119.3,0.576,0.382,1.329,5.2,0.249,0.0704,8202,40.3,0.0938,1.024,1.819,0.1789,157.7,1.042,0.391,2.61,29418,5.81,0.9461,22.67,0.0791,87.7,71.9,5.528,0.9856,0.457,17.17,1962.2
2023-05-06T06:00:00.000Z,2.485,1.007,5.77,19.38,36.7,7.148,721,11.099,118.9,0.576,0.383,1.325,5.23,0.25,0.0706,8204,40.1,0.0939,1.02,1.821,0.1784,158.2,1.04,0.389,2.58,29372,5.78,0.9418,22.69,0.079,87.3,71.52,5.516,0.9839,0.455,17.16,1965.2
2023-05-06T07:00:00.000Z,2.468,1.007,5.77,19.38,36.5,7.148,717,11.099,119,0.576,0.383,1.325,5.23,0.25,0.0706,8132,39.9,0.0939,1.019,1.815,0.1784,158.2,1.04,0.389,2.61,29444,5.78,0.9404,22.69,0.0789,87.3,71.03,5.526,0.9839,0.455,17.16,1962.1
2023-05-06T08:00:00.000Z,2.435,1.006,5.74,19.29,36.4,7.069,709,11.027,118.3,0.571,0.38,1.321,5.15,0.247,0.0706,8095,39.6,0.0936,1.011,1.808,0.1769,156.8,1.031,0.387,2.56,29359,5.75,0.937,22.669,0.0781,86.6,70.35,5.46,0.9771,0.452,16.9,1945.4
2023-05-06T09:00:00.000Z,2.418,1.006,5.76,19.29,36.3,7.076,709,11.058,118.3,0.571,0.381,1.321,5.15,0.249,0.0706,8095,39.6,0.0936,1.011,1.808,0.1769,156.8,1.031,0.387,2.53,29341,5.75,0.9356,22.669,0.0781,86.6,70.35,5.46,0.9778,0.452,17.05,1942.1
2023-05-06T10:00:00.000Z,2.423,1.006,5.74,19.29,36.3,7.079,713,11.051,118.3,0.574,0.381,1.321,5.15,0.249,0.0703,8095,39.6,0.0936,1.011,1.811,0.1773,157,1.031,0.387,2.5,29266,5.75,0.9356,22.548,0.0781,86.6,70.35,5.468,0.9716,0.452,17.05,1932.4
2023-05-06T11:00:00.000Z,2.423,1.006,5.76,19.29,36.3,7.094,713,11.051,118.6,0.574,0.379,1.321,5.15,0.249,0.0703,8105,39.6,0.0936,1.007,1.808,0.1772,157,1.031,0.387,2.55,29259,5.75,0.933,22.548,0.0781,86.6,70.35,5.468,0.9768,0.452,16.98,1935
2023-05-06T12:00:00.000Z,2.414,1.004,5.7,19.31,36.2,7.017,705,11.058,118.2,0.571,0.376,1.311,5.14,0.248,0.0705,8080,39.4,0.0931,1.004,1.795,0.1765,156.8,1.014,0.386,2.48,29117,5.74,0.9248,22.275,0.0779,85.9,70.16,5.444,0.9694,0.454,16.88,1913.5
2023-05-06T13:00:00.000Z,2.385,0.993,5.65,19.08,35.9,6.989,701,10.908,117.6,0.566,0.372,1.308,5.09,0.246,0.0702,8047,39.4,0.0927,0.99,1.783,0.1758,156.8,1.011,0.382,2.49,28975,5.69,0.9093,22.028,0.0774,84.4,69.66,5.425,0.9625,0.448,16.83,1903
2023-05-06T14:00:00.000Z,2.371,0.984,5.6,18.88,35.6,6.936,690,10.818,116.3,0.56,0.368,1.29,5.04,0.24,0.07,7935,38.8,0.0922,0.982,1.755,0.1738,154.7,0.999,0.378,2.47,28677,5.62,0.9052,21.776,0.0767,82.7,69.27,5.337,0.9558,0.441,16.59,1879
2023-05-06T15:00:00.000Z,2.363,0.982,5.58,18.84,35.6,6.925,688,10.799,116.1,0.559,0.366,1.288,5.02,0.238,0.07,7923,38.7,0.0922,0.975,1.756,0.1734,155,0.993,0.376,2.47,28645,5.61,0.9044,21.823,0.0766,82.5,68.95,5.315,0.9559,0.439,16.58,1880.9
2023-05-06T16:00:00.000Z,2.365,0.981,5.59,18.87,35.6,6.918,689,10.841,116.1,0.559,0.366,1.285,5.03,0.239,0.07,7945,38.7,0.0922,0.979,1.763,0.1734,155.1,0.991,0.377,2.45,28735,5.62,0.9084,21.829,0.0768,82.7,68.95,5.315,0.9576,0.44,16.52,1885.7
2023-05-06T17:00:00.000Z,2.384,0.988,5.59,18.87,35.6,6.935,689,10.861,116.8,0.561,0.366,1.288,5.03,0.24,0.07,7935,38.8,0.0922,0.979,1.777,0.1747,155.1,0.991,0.377,2.42,28809,5.62,0.9117,22.039,0.0769,83.1,69.65,5.294,0.9651,0.44,16.52,1886.4
2023-05-06T18:00:00.000Z,2.393,0.989,5.6,19.05,35.6,6.968,693,10.937,117.5,0.563,0.368,1.298,5.09,0.241,0.07,7922,39.1,0.0922,0.979,1.78,0.1743,155.1,0.993,0.381,2.4,28997,5.69,0.9142,22.13,0.0774,83.9,69.76,5.29,0.98,0.446,16.73,1904.5
2023-05-06T19:00:00.000Z,2.408,0.989,5.6,19.05,35.6,6.968,694,10.937,117.5,0.565,0.371,1.298,5.09,0.241,0.07,7914,39.4,0.0922,0.979,1.78,0.1743,155.1,1,0.381,2.39,28892,5.69,0.9118,22.13,0.0774,84,70.42,5.33,0.983,0.446,16.73,1905.9
2023-05-06T20:00:00.000Z,2.4,0.989,5.6,19.05,35.6,6.968,694,10.937,117.5,0.565,0.371,1.297,5.09,0.241,0.07,7914,39.4,0.0922,0.979,1.78,0.1743,155.1,1,0.381,2.39,28860,5.69,0.9118,22.13,0.0774,84,70.42,5.33,0.979,0.446,16.73,1901.1
2023-05-06T21:00:00.000Z,2.393,0.984,5.56,19.05,35.6,6.932,690,10.937,117.5,0.565,0.369,1.297,5.08,0.241,0.07,7856,39.3,0.0922,0.986,1.768,0.1751,155.1,0.998,0.381,2.35,28798,5.69,0.9118,22.006,0.0774,83.8,69.66,5.33,0.9793,0.446,16.64,1898.7
2023-05-06T22:00:00.000Z,2.4,0.984,5.57,19.06,36.1,6.958,690,10.937,117,0.561,0.369,1.297,5.08,0.241,0.07,7899,39.3,0.0922,0.987,1.77,0.1751,155.1,0.998,0.379,2.33,28883,5.64,0.9058,22.006,0.0769,83.8,69.66,5.303,0.9793,0.446,16.64,1899.5
2023-05-06T23:00:00.000Z,2.4,0.984,5.57,19.06,35.9,6.941,690,10.937,117.2,0.561,0.37,1.297,5.08,0.241,0.07,7899,39.3,0.0922,0.986,1.77,0.1751,155.1,0.997,0.379,2.33,28901,5.65,0.9033,21.966,0.0769,83.8,69.81,5.303,0.9793,0.446,16.64,1901
2023-05-07T00:00:00.000Z,2.395,0.984,5.57,19.06,35.9,6.948,692,10.85,117.2,0.563,0.37,1.297,5.08,0.241,0.07,7917,39.4,0.0922,0.986,1.777,0.1745,157.2,0.997,0.381,2.38,28979,5.65,0.9067,21.876,0.0769,83.7,69.77,5.298,0.9779,0.446,16.62,1910.3
2023-05-07T01:00:00.000Z,2.397,0.98,5.63,19.04,36,6.933,699,10.86,117,0.562,0.369,1.301,5.09,0.241,0.07,7927,39.3,0.0922,0.986,1.782,0.1753,157.2,1.002,0.38,2.39,28936,5.67,0.9085,21.876,0.077,83.8,70.02,5.299,0.9782,0.448,16.57,1908.8
2023-05-07T02:00:00.000Z,2.376,0.977,5.57,19.04,35.8,6.898,692,10.86,117,0.562,0.369,1.294,5.07,0.241,0.0703,7911,39.3,0.0922,0.981,1.77,0.1747,157.2,1.002,0.38,2.43,28885,5.65,0.905,21.862,0.0768,83.4,69.42,5.271,0.9697,0.447,16.57,1895.7
2023-05-07T03:00:00.000Z,2.376,0.975,5.59,18.89,35.6,6.898,691,10.86,117,0.558,0.365,1.294,5.07,0.24,0.0703,7899,38.9,0.0922,0.981,1.758,0.1745,157.2,0.998,0.38,2.41,28833,5.65,0.902,21.834,0.0768,83.4,69.42,5.255,0.9697,0.445,16.57,1895
2023-05-07T04:00:00.000Z,2.385,0.976,5.59,18.96,35.6,6.908,696,10.86,117,0.561,0.368,1.296,5.07,0.24,0.0703,7899,38.9,0.0922,0.981,1.758,0.1741,158,0.998,0.38,2.49,28857,5.65,0.902,21.94,0.0768,83.4,69.47,5.274,0.9697,0.448,16.57,1897.5
2023-05-07T05:00:00.000Z,2.39,0.98,5.63,18.89,35.6,6.908,696,10.841,117,0.562,0.368,1.296,5.07,0.24,0.0703,7899,38.9,0.0922,0.981,1.758,0.1746,158,0.998,0.38,2.49,28885,5.65,0.902,21.94,0.0768,83.4,69.71,5.274,0.9758,0.448,16.57,1900.9
2023-05-07T06:00:00.000Z,2.39,0.976,5.63,18.96,35.6,6.908,696,10.841,117,0.562,0.368,1.296,5.07,0.24,0.0703,7899,38.9,0.0924,0.981,1.758,0.1746,158,0.998,0.38,2.49,28886,5.65,0.902,22.03,0.0768,83.4,69.71,5.274,0.9758,0.448,16.57,1900.9
2023-05-07T07:00:00.000Z,2.39,0.976,5.63,18.96,35.6,6.908,696,10.841,117,0.562,0.368,1.296,5.07,0.24,0.0703,7899,38.9,0.0924,0.981,1.758,0.1746,158,1.002,0.38,2.49,28904,5.65,0.902,22.03,0.0768,83.4,69.71,5.274,0.9758,0.448,16.57,1900.9
2023-05-07T08:00:00.000Z,2.39,0.976,5.63,18.96,35.5,6.911,696,10.841,117.2,0.562,0.368,1.296,5.07,0.24,0.0703,7926,38.9,0.0924,0.981,1.758,0.1746,158,0.998,0.38,2.49,28904,5.65,0.9093,22.03,0.0768,83.5,69.71,5.29,0.9758,0.448,16.57,1901.2
2023-05-07T09:00:00.000Z,2.39,0.976,5.63,18.96,35.5,6.929,696,10.841,117.2,0.562,0.368,1.296,5.07,0.24,0.0703,7926,38.9,0.0924,0.981,1.758,0.1746,158,1.002,0.38,2.49,28887,5.64,0.9062,22.03,0.0768,83.5,69.71,5.271,0.9758,0.448,16.57,1901.2
2023-05-07T10:00:00.000Z,2.39,0.976,5.63,18.96,35.5,6.911,696,10.841,117.2,0.562,0.368,1.296,5.08,0.24,0.0703,7926,38.9,0.0924,0.981,1.758,0.1746,158,1.002,0.38,2.49,28887,5.64,0.9062,22.03,0.0768,83.5,69.71,5.271,0.9758,0.448,16.57,1894.8
2023-05-07T11:00:00.000Z,2.39,0.976,5.63,18.96,35.5,6.911,696,10.842,116.9,0.562,0.368,1.296,5.08,0.24,0.0703,7926,38.9,0.0924,0.981,1.758,0.1746,158,1.002,0.38,2.49,28830,5.64,0.9062,22.03,0.0768,83.5,69.71,5.291,0.9758,0.448,16.57,1894.8
2023-05-07T12:00:00.000Z,2.39,0.976,5.63,18.96,35.5,6.93,696,10.842,117.2,0.562,0.368,1.296,5.08,0.241,0.0703,7926,38.9,0.0924,0.981,1.758,0.1746,158,1.002,0.38,2.49,28904,5.64,0.9062,22.03,0.0768,83.5,69.66,5.291,0.9758,0.448,16.57,1901.5
2023-05-07T13:00:00.000Z,2.39,0.976,5.63,18.96,35.5,6.93,696,10.842,117.2,0.562,0.368,1.296,5.08,0.241,0.0699,7926,38.9,0.0924,0.981,1.758,0.1746,158,1.002,0.38,2.49,28830,5.64,0.9061,22.03,0.0768,83.5,69.66,5.291,0.9758,0.448,16.57,1902
2023-05-07T14:00:00.000Z,2.38,0.976,5.63,18.96,35.5,6.93,696,10.842,117.2,0.562,0.368,1.296,5.08,0.241,0.0699,7926,38.9,0.0924,0.981,1.758,0.1746,158,1.002,0.38,2.49,28910,5.64,0.9093,22.03,0.0768,83.5,69.71,5.291,0.9758,0.448,16.57,1902
2023-05-07T15:00:00.000Z,2.38,0.976,5.63,18.96,35.5,6.93,696,10.842,117.2,0.562,0.368,1.296,5.08,0.241,0.0699,7926,38.9,0.0924,0.981,1.758,0.1746,158,1.002,0.38,2.49,28826,5.64,0.9093,21.953,0.0768,83.5,69.71,5.271,0.9758,0.448,16.57,1902
2023-05-07T16:00:00.000Z,2.38,0.976,5.63,18.96,35.5,6.911,696,10.842,117.2,0.562,0.368,1.296,5.08,0.239,0.0699,7897,38.9,0.0924,0.981,1.762,0.1739,158,1.002,0.38,2.49,28912,5.64,0.9058,21.953,0.0768,83.5,69.71,5.292,0.9748,0.449,16.59,1903.8
2023-05-07T17:00:00.000Z,2.39,0.976,5.63,18.96,35.5,6.93,696,10.843,117.2,0.562,0.368,1.296,5.08,0.239,0.0699,7897,38.9,0.0924,0.981,1.762,0.1747,157.3,1.002,0.38,2.49,28915,5.64,0.9058,21.953,0.0768,83.5,69.71,5.292,0.9748,0.446,16.59,1903.9
2023-05-07T18:00:00.000Z,2.39,0.976,5.63,18.96,35.5,6.93,696,10.843,117.2,0.559,0.368,1.296,5.08,0.241,0.0699,7897,38.9,0.0924,0.981,1.762,0.1747,157.3,1.002,0.38,2.49,28915,5.64,0.9058,21.953,0.0768,83.5,69.71,5.292,0.9748,0.446,16.59,1903.9
2023-05-07T19:00:00.000Z,2.39,0.976,5.6,18.89,35.5,6.93,696,10.843,117.2,0.559,0.366,1.296,5.09,0.24,0.0699,7897,38.9,0.0924,0.981,1.761,0.1747,157.3,0.998,0.38,2.49,28915,5.64,0.9058,21.953,0.0768,83.5,69.44,5.292,0.9748,0.449,16.59,1903.9
2023-05-07T20:00:00.000Z,2.39,0.976,5.6,18.93,35.5,6.911,696,10.843,117.2,0.562,0.366,1.291,5.09,0.24,0.0699,7897,38.9,0.0924,0.981,1.761,0.1747,157.4,0.998,0.379,2.49,28915,5.64,0.9058,22.03,0.0768,83.5,69.44,5.292,0.9748,0.449,16.59,1903.9
2023-05-07T21:00:00.000Z,2.39,0.976,5.6,18.93,35.5,6.911,696,10.843,117.2,0.562,0.366,1.291,5.09,0.241,0.0699,7897,38.9,0.0924,0.981,1.761,0.1747,157.4,0.998,0.379,2.49,28915,5.64,0.9058,22.03,0.0768,83.5,69.44,5.292,0.9748,0.449,16.59,1903.9
2023-05-07T22:00:00.000Z,2.39,0.976,5.6,18.93,35.5,6.911,696,10.843,117.2,0.562,0.367,1.296,5.09,0.239,0.0699,7897,38.9,0.0924,0.98,1.761,0.1747,157.4,0.998,0.379,2.49,28800,5.64,0.9058,22.03,0.0768,83.5,69.55,5.271,0.972,0.449,16.59,1894.8
2023-05-07T23:00:00.000Z,2.39,0.975,5.6,18.89,35.5,6.911,696,10.852,116.7,0.562,0.367,1.291,5.09,0.239,0.0699,7897,39,0.0924,0.979,1.761,0.1739,157.4,0.997,0.379,2.49,28782,5.64,0.9058,22,0.0768,83.5,69.42,5.271,0.9719,0.449,16.52,1893.8
2023-05-08T00:00:00.000Z,2.39,0.975,5.6,18.93,35.7,6.93,696,10.801,116.7,0.559,0.366,1.291,5.06,0.239,0.0699,7897,39,0.0924,0.978,1.761,0.1739,157.4,0.997,0.379,2.49,28782,5.64,0.9058,21.953,0.0768,83.5,69.42,5.27,0.9758,0.449,16.52,1903.9
2023-05-08T01:00:00.000Z,2.38,0.975,5.63,18.86,35.5,6.908,693,10.779,117.2,0.562,0.368,1.29,5.06,0.239,0.0699,7884,39,0.0924,0.984,1.761,0.1736,157.4,0.996,0.381,2.49,28771,5.64,0.9058,21.951,0.0767,83.5,69.31,5.269,0.9719,0.446,16.52,1903.9
2023-05-08T02:00:00.000Z,2.39,0.975,5.63,18.93,35.7,6.908,696,10.779,117.2,0.562,0.366,1.29,5.06,0.241,0.0699,7884,39,0.0924,0.984,1.761,0.1736,157.4,1.002,0.381,2.47,28771,5.64,0.9058,21.951,0.0772,83,69.31,5.292,0.9758,0.446,16.59,1893
2023-05-08T03:00:00.000Z,2.38,0.975,5.63,18.93,35.7,6.908,696,10.779,117.2,0.562,0.366,1.29,5.06,0.241,0.0699,7884,39.2,0.0924,0.984,1.761,0.1747,157.4,1.002,0.381,2.47,28771,5.64,0.9058,22.03,0.0772,83,69.31,5.292,0.9758,0.446,16.59,1893
2023-05-08T04:00:00.000Z,2.38,0.975,5.63,18.93,35.7,6.908,696,10.779,117.2,0.562,0.366,1.29,5.09,0.241,0.0699,7884,39,0.0924,0.984,1.761,0.1747,157.4,1.002,0.381,2.47,28771,5.64,0.9058,22.03,0.0772,83,69.31,5.292,0.9758,0.446,16.59,1893
2023-05-08T05:00:00.000Z,2.38,0.975,5.63,18.93,35.7,6.908,696,10.779,117.2,0.562,0.366,1.29,5.09,0.241,0.0699,7884,39,0.0924,0.984,1.761,0.1747,157.4,1.002,0.381,2.47,28771,5.64,0.9058,22.03,0.0772,83,69.31,5.292,0.9758,0.446,16.59,1893
2023-05-08T06:00:00.000Z,2.38,0.975,5.63,18.93,35.5,6.908,693,10.779,117.2,0.562,0.366,1.29,5.09,0.241,0.0699,7884,39,0.0924,0.984,1.761,0.1736,157.4,0.996,0.381,2.47,28771,5.61,0.9058,22.03,0.0772,83,69.3,5.292,0.9758,0.446,16.59,1892.9
2023-05-08T07:00:00.000Z,2.38,0.975,5.63,18.93,35.5,6.908,693,10.778,117.2,0.559,0.366,1.29,5.09,0.239,0.0699,7926,39,0.0924,0.978,1.761,0.1736,157.4,0.996,0.381,2.49,28765,5.64,0.9058,22.03,0.0772,83,69.3,5.292,0.9758,0.446,16.59,1892.8
2023-05-08T08:00:00.000Z,2.38,0.975,5.63,18.93,35.5,6.908,696,10.858,117.2,0.559,0.366,1.29,5.09,0.239,0.0698,7926,39,0.0924,0.978,1.761,0.1736,157.4,0.996,0.381,2.49,28756,5.64,0.9057,22.03,0.0772,83,69.3,5.292,0.9758,0.446,16.59,1892.8
2023-05-08T09:00:00.000Z,2.38,0.975,5.63,18.93,35.5,6.908,696,10.859,117.2,0.559,0.366,1.29,5.06,0.239,0.0698,7884,39,0.0924,0.978,1.761,0.1736,157.3,0.996,0.381,2.49,28752,5.64,0.9057,22.03,0.0772,83,69.3,5.292,0.9719,0.446,16.59,1892.8
2023-05-08T10:00:00.000Z,2.38,0.975,5.63,18.93,35.7,6.93,693,10.778,117.2,0.562,0.368,1.29,5.09,0.239,0.0698,7884,39,0.0924,0.978,1.761,0.1736,157.3,0.996,0.381,2.49,28752,5.64,0.9057,22.03,0.0772,83,69.3,5.292,0.9758,0.446,16.52,1899
2023-05-08T11:00:00.000Z,2.38,0.975,5.63,18.93,35.5,6.908,696,10.778,117.2,0.559,0.368,1.296,5.09,0.239,0.0698,7884,39,0.0924,0.984,1.761,0.1736,157.3,0.996,0.381,2.49,28752,5.64,0.9057,21.951,0.0772,83,69.3,5.292,0.9719,0.446,16.59,1892.6
2023-05-08T12:00:00.000Z,2.39,0.975,5.63,18.93,35.5,6.908,696,10.859,116.5,0.559,0.366,1.29,5.06,0.239,0.0698,7884,39,0.0924,0.984,1.761,0.1736,157.3,1.002,0.381,2.49,27770,5.64,0.9057,21.949,0.0772,83,69.3,5.261,0.9719,0.446,16.59,1892.6
